Workbook

Sheet Index
B1: Bike Sharing Demand Analysis Project (Excel)
B3: NextHikes IT Solutions - Data analysis with Excel, VBA and automated reporting
B5: Business question | C5: How do time of day, weather, holidays and user type affect bike rentals, and what can be planned better?
B6: Data | C6: Three hourly files merged on instant: 1,000 records, 1 Jan - 14 Feb 2011 (mid-winter, one city system).
B7: Colour code | C7: Yellow cells = inputs you can change. Everything else is a formula.
B9: Sheet | C9: What it contains | D9: Project task
B10: Raw_D1 / Raw_D2 / Raw_D3 | C10: The three source files, untouched | D10: Task 2 - loading
B11: Lookups | C11: Code tables, regression and threshold parameters | D11: Task 3
B12: Clean_Data | C12: Merged table (INDEX/MATCH on instant), imputation, flags, derived columns, anomaly z-score | D12: Tasks 2, 3
B13: DQ_Log | C13: Row reconciliation, missing values, duplicates, range checks, issue log | D13: Task 2
B14: T1_Foundations | C14: Shortcuts, SUM/AVERAGE/COUNT, LEFT/MID/RIGHT/LEN, top 10, conditional formatting | D14: Task 1
B15: T3_Logic_Lookup | C15: IF / nested IF, VLOOKUP, INDEX-MATCH, record finder | D15: Task 3
B16: T4_Pivots | C16: Nine pivot-style summaries with calculated fields, pivot charts, heat map | D16: Task 4
B17: T4_Stats | C17: Descriptive statistics, CORREL matrix, COUNTIF/SUMIF/AVERAGEIF, STDEV | D17: Task 4
B18: Daily_Trend | C18: Daily totals, regression model, 7-day forecast (also FORECAST.ETS), residual anomalies | D18: Task 5
B19: Anomaly_Report | C19: Hourly anomalies (z-score by hour and day type) | D19: Task 5
B20: Dash_Calc | C20: Calculation layer for the dashboard | D20: Task 5
... B22: Insights | C22: Formula-driven findings and recommendations | D22: Deliverable
B24: Method notes
B25: Merge: dataset_1 and dataset_2 are joined on instant; dataset_3 (already complete) is appended. Clean_Data pulls every value with INDEX/MATCH, so changing a raw value updates everything.
B26: Missing atemp (11 hours) is imputed by regression on temp; atemp = 0 is genuine and kept. Hours with no rentals are absent in the source and are not invented.
B27: Pivot tables: the summaries are formula based so they always refresh. Native PivotTables and slicers are created by the VBA module Module_Pivots (see the VBA folder).
B28: Forecast: regression with trend and weekend effect, compared with Excel FORECAST.ETS. The last day (14 Feb, data stops at 07:00) is left out of the model.
B29: Limit of the data: 45 winter days, so seasonal and temperature conclusions are limited. Hourly patterns and weather effects are well supported.

Sheet Raw_D1
A1: instant | B1: dteday | C1: season | D1: yr | E1: mnth | F1: hr | G1: holiday | H1: weekday | I1: weathersit | J1: temp
A2: 1 | B2: 40544 | C2: 1 | D2: 0 | E2: 1 | F2: 0 | G2: FALSE | H2: 6 | I2: 1 | J2: 0.24
A3: 2 | B3: 40544 | C3: 1 | D3: 0 | E3: 1 | F3: 1 | G3: FALSE | H3: 6 | I3: 1 | J3: 0.22
A4: 3 | B4: 40544 | C4: 1 | D4: 0 | E4: 1 | F4: 2 | G4: FALSE | H4: 6 | I4: 1 | J4: 0.22
A5: 4 | B5: 40544 | C5: 1 | D5: 0 | E5: 1 | F5: 3 | G5: FALSE | H5: 6 | I5: 1 | J5: 0.24
A6: 5 | B6: 40544 | C6: 1 | D6: 0 | E6: 1 | F6: 4 | G6: FALSE | H6: 6 | I6: 1 | J6: 0.24
A7: 6 | B7: 40544 | C7: 1 | D7: 0 | E7: 1 | F7: 5 | G7: FALSE | H7: 6 | I7: 2 | J7: 0.24
A8: 7 | B8: 40544 | C8: 1 | D8: 0 | E8: 1 | F8: 6 | G8: FALSE | H8: 6 | I8: 1 | J8: 0.22
A9: 8 | B9: 40544 | C9: 1 | D9: 0 | E9: 1 | F9: 7 | G9: FALSE | H9: 6 | I9: 1 | J9: 0.2
A10: 9 | B10: 40544 | C10: 1 | D10: 0 | E10: 1 | F10: 8 | G10: FALSE | H10: 6 | I10: 1 | J10: 0.24
A11: 10 | B11: 40544 | C11: 1 | D11: 0 | E11: 1 | F11: 9 | G11: FALSE | H11: 6 | I11: 1 | J11: 0.32
A12: 11 | B12: 40544 | C12: 1 | D12: 0 | E12: 1 | F12: 10 | G12: FALSE | H12: 6 | I12: 1 | J12: 0.38
A13: 12 | B13: 40544 | C13: 1 | D13: 0 | E13: 1 | F13: 11 | G13: FALSE | H13: 6 | I13: 1 | J13: 0.36
... A611: 610 | B611: 40571 | C611: 1 | D611: 0 | E611: 1 | F611: 15 | G611: FALSE | H611: 5 | I611: 2 | J611: 0.2

Sheet Raw_D2
A1: Unnamed: 0 | B1: instant | C1: atemp | D1: hum | E1: windspeed | F1: casual | G1: registered | H1: cnt
A2: 0 | B2: 1 | C2: 0.2879 | D2: 0.81 | E2: 0 | F2: 3 | G2: 13 | H2: 16
A3: 1 | B3: 2 | C3: 0.2727 | D3: 0.8 | E3: 0 | F3: 8 | G3: 32 | H3: 40
A4: 2 | B4: 3 | C4: 0.2727 | D4: 0.8 | E4: 0 | F4: 5 | G4: 27 | H4: 32
A5: 3 | B5: 4 | C5: 0.2879 | D5: 0.75 | E5: 0 | F5: 3 | G5: 10 | H5: 13
A6: 4 | B6: 5 | C6: 0.2879 | D6: 0.75 | E6: 0 | F6: 0 | G6: 1 | H6: 1
A7: 5 | B7: 6 | C7: 0.2576 | D7: 0.75 | E7: 0.0896 | F7: 0 | G7: 1 | H7: 1
A8: 6 | B8: 7 | C8: 0.2727 | D8: 0.8 | E8: 0 | F8: 2 | G8: 0 | H8: 2
A9: 7 | B9: 8 | C9: 0.2576 | D9: 0.86 | E9: 0 | F9: 1 | G9: 2 | H9: 3
A10: 8 | B10: 9 | D10: 0.75 | E10: 0 | F10: 1 | G10: 7 | H10: 8
A11: 9 | B11: 10 | C11: 0.3485 | D11: 0.76 | E11: 0 | F11: 8 | G11: 6 | H11: 14
A12: 10 | B12: 11 | C12: 0.3939 | D12: 0.76 | E12: 0.2537 | F12: 12 | G12: 24 | H12: 36
A13: 11 | B13: 12 | C13: 0.3333 | D13: 0.81 | E13: 0.2836 | F13: 26 | G13: 30 | H13: 56
A14: 12 | B14: 13 | C14: 0.4242 | D14: 0.77 | E14: 0.2836 | F14: 29 | G14: 55 | H14: 84
A15: 13 | B15: 14 | C15: 0.4545 | D15: 0.72 | E15: 0.2985 | F15: 47 | G15: 47 | H15: 94
A16: 14 | B16: 15 | C16: 0.4545 | D16: 0.72 | E16: 0.2836 | F16: 35 | G16: 71 | H16: 106
A17: 15 | B17: 16 | C17: 0.4394 | D17: 0.77 | E17: 0.2985 | F17: 40 | G17: 70 | H17: 110
A18: 16 | B18: 17 | C18: 0.4242 | D18: 0.82 | E18: 0.2985 | F18: 41 | G18: 52 | H18: 93
A19: 17 | B19: 18 | D19: 0.82 | E19: 0.2836 | F19: 15 | G19: 52 | H19: 67
A20: 18 | B20: 19 | C20: 0.4242 | D20: 0.88 | E20: 0.2537 | F20: 9 | G20: 26 | H20: 35
A21: 19 | B21: 20 | C21: 0.4242 | D21: 0.88 | E21: 0.2537 | F21: 6 | G21: 31 | H21: 37
A22: 20 | B22: 21 | C22: 0.4091 | D22: 0.87 | E22: 0.2537 | F22: 11 | G22: 25 | H22: 36
A23: 21 | B23: 22 | C23: 0.4091 | D23: 0.87 | E23: 0.194 | F23: 3 | G23: 31 | H23: 34
A24: 22 | B24: 23 | C24: 0.4091 | D24: 0.94 | E24: 0.2239 | F24: 11 | G24: 17 | H24: 28
A25: 23 | B25: 24 | D25: 0.88 | E25: 0.2985 | F25: 15 | G25: 24 | H25: 39
A26: 24 | B26: 25 | C26: 0.4545 | D26: 0.88 | E26: 0.2985 | F26: 4 | G26: 13 | H26: 17
A27: 25 | B27: 26 | C27: 0.4394 | D27: 0.94 | E27: 0.2537 | F27: 1 | G27: 16 | H27: 17
A28: 26 | B28: 27 | C28: 0.4242 | D28: 1 | E28: 0.2836 | F28: 1 | G28: 8 | H28: 9
A29: 27 | B29: 28 | C29: 0.4545 | D29: 0.94 | E29: 0.194 | F29: 2 | G29: 4 | H29: 6
A30: 28 | B30: 29 | D30: 0.94 | E30: 0.194 | F30: 2 | G30: 1 | H30: 3
A31: 29 | B31: 30 | C31: 0.4242 | D31: 0.77 | E31: 0.2985 | F31: 0 | G31: 2 | H31: 2
A32: 30 | B32: 31 | C32: 0.4091 | D32: 0.76 | E32: 0.194 | F32: 0 | G32: 1 | H32: 1
A33: 31 | B33: 32 | C33: 0.4091 | D33: 0.71 | E33: 0.2239 | F33: 0 | G33: 8 | H33: 8
A34: 32 | B34: 33 | D34: 0.76 | E34: 0.2239 | F34: 1 | G34: 19 | H34: 20
A35: 33 | B35: 34 | C35: 0.3485 | D35: 0.81 | E35: 0.2239 | F35: 7 | G35: 46 | H35: 53
A36: 34 | B36: 35 | C36: 0.3333 | D36: 0.71 | E36: 0.2537 | F36: 16 | G36: 54 | H36: 70
A37: 35 | B37: 36 | C37: 0.3333 | D37: 0.66 | E37: 0.2985 | F37: 20 | G37: 73 | H37: 93
A38: 36 | B38: 37 | C38: 0.3485 | D38: 0.66 | E38: 0.1343 | F38: 11 | G38: 64 | H38: 75
A39: 37 | B39: 38 | D39: 0.76 | E39: 0.194 | F39: 4 | G39: 55 | H39: 59
A40: 38 | B40: 39 | C40: 0.3333 | D40: 0.81 | E40: 0.1642 | F40: 19 | G40: 55 | H40: 74
A41: 39 | B41: 40 | C41: 0.3333 | D41: 0.71 | E41: 0.1642 | F41: 9 | G41: 67 | H41: 76
A42: 40 | B42: 41 | C42: 0.3333 | D42: 0.57 | E42: 0.194 | F42: 7 | G42: 58 | H42: 65
A43: 41 | B43: 42 | C43: 0.3333 | D43: 0.46 | E43: 0.3284 | F43: 10 | G43: 43 | H43: 53
A44: 42 | B44: 43 | C44: 0.2879 | D44: 0.42 | E44: 0.4478 | F44: 1 | G44: 29 | H44: 30
A45: 43 | B45: 44 | D45: 0.39 | E45: 0.3582 | F45: 5 | G45: 17 | H45: 22
A46: 44 | B46: 45 | C46: 0.2273 | D46: 0.44 | E46: 0.3284 | F46: 11 | G46: 20 | H46: 31
A47: 45 | B47: 46 | C47: 0.2121 | D47: 0.44 | E47: 0.2985 | F47: 0 | G47: 9 | H47: 9
A48: 46 | B48: 47 | C48: 0.2273 | D48: 0.47 | E48: 0.1642 | F48: 0 | G48: 8 | H48: 8
A49: 47 | B49: 48 | C49: 0.197 | D49: 0.44 | E49: 0.3582 | F49: 0 | G49: 5 | H49: 5
A50: 48 | B50: 49 | D50: 0.44 | E50: 0.4179 | F50: 0 | G50: 2 | H50: 2
A51: 49 | B51: 50 | C51: 0.1364 | D51: 0.47 | E51: 0.3881 | F51: 0 | G51: 1 | H51: 1
A52: 50 | B52: 51 | C52: 0.1364 | D52: 0.47 | E52: 0.2836 | F52: 0 | G52: 3 | H52: 3
A53: 51 | B53: 52 | C53: 0.1061 | D53: 0.5 | E53: 0.3881 | F53: 0 | G53: 30 | H53: 30
A54: 52 | B54: 53 | C54: 0.1364 | D54: 0.5 | E54: 0.194 | F54: 1 | G54: 63 | H54: 64
A55: 53 | B55: 54 | C55: 0.1212 | D55: 0.5 | E55: 0.2836 | F55: 1 | G55: 153 | H55: 154
A56: 54 | B56: 55 | C56: 0.1364 | D56: 0.43 | E56: 0.3881 | F56: 7 | G56: 81 | H56: 88
A57: 55 | B57: 56 | C57: 0.1667 | D57: 0.43 | E57: 0.2537 | F57: 11 | G57: 33 | H57: 44
A58: 56 | B58: 57 | C58: 0.1818 | D58: 0.4 | E58: 0.3284 | F58: 10 | G58: 41 | H58: 51
A59: 57 | B59: 58 | C59: 0.2121 | D59: 0.35 | E59: 0.2985 | F59: 13 | G59: 48 | H59: 61
A60: 58 | B60: 59 | D60: 0.35 | E60: 0.2836 | F60: 8 | G60: 53 | H60: 61
A61: 59 | B61: 60 | C61: 0.2424 | D61: 0.3 | E61: 0.2836 | F61: 11 | G61: 66 | H61: 77
A62: 60 | B62: 61 | C62: 0.2424 | D62: 0.3 | E62: 0.2537 | F62: 14 | G62: 58 | H62: 72
A63: 61 | B63: 62 | C63: 0.2424 | D63: 0.3 | E63: 0.2537 | F63: 9 | G63: 67 | H63: 76
A64: 62 | B64: 63 | C64: 0.2273 | D64: 0.3 | E64: 0.2239 | F64: 11 | G64: 146 | H64: 157
A65: 63 | B65: 64 | C65: 0.2576 | D65: 0.32 | E65: 0.1045 | F65: 9 | G65: 148 | H65: 157
A66: 64 | B66: 65 | C66: 0.2576 | D66: 0.47 | E66: 0 | F66: 8 | G66: 102 | H66: 110
A67: 65 | B67: 66 | D67: 0.47 | E67: 0.1045 | F67: 3 | G67: 49 | H67: 52
A68: 66 | B68: 67 | C68: 0.197 | D68: 0.64 | E68: 0.1343 | F68: 3 | G68: 49 | H68: 52
A69: 67 | B69: 68 | C69: 0.1515 | D69: 0.69 | E69: 0.1343 | F69: 0 | G69: 20 | H69: 20
A70: 68 | B70: 69 | C70: 0.2121 | D70: 0.55 | E70: 0.1045 | F70: 1 | G70: 11 | H70: 12
A71: 69 | B71: 70 | D71: 0.55 | E71: 0.1045 | F71: 0 | G71: 5 | H71: 5
A72: 70 | B72: 71 | C72: 0.1818 | D72: 0.59 | E72: 0.1045 | F72: 0 | G72: 2 | H72: 2
A73: 71 | B73: 72 | C73: 0.1515 | D73: 0.63 | E73: 0.1343 | F73: 0 | G73: 1 | H73: 1
A74: 72 | B74: 73 | C74: 0.1818 | D74: 0.63 | E74: 0.0896 | F74: 0 | G74: 2 | H74: 2
A75: 73 | B75: 74 | C75: 0.1515 | D75: 0.68 | E75: 0.1045 | F75: 0 | G75: 4 | H75: 4
A76: 74 | B76: 75 | C76: 0.1515 | D76: 0.74 | E76: 0.1045 | F76: 0 | G76: 36 | H76: 36
A77: 75 | B77: 76 | C77: 0.1515 | D77: 0.74 | E77: 0.1343 | F77: 2 | G77: 92 | H77: 94
A78: 76 | B78: 77 | C78: 0.1515 | D78: 0.69 | E78: 0.1642 | F78: 2 | G78: 177 | H78: 179
A79: 77 | B79: 78 | C79: 0.1515 | D79: 0.64 | E79: 0.2239 | F79: 2 | G79: 98 | H79: 100
A80: 78 | B80: 79 | C80: 0.1364 | D80: 0.69 | E80: 0.3284 | F80: 5 | G80: 37 | H80: 42
A81: 79 | B81: 80 | C81: 0.2121 | D81: 0.51 | E81: 0.2985 | F81: 7 | G81: 50 | H81: 57
A82: 80 | B82: 81 | C82: 0.2273 | D82: 0.51 | E82: 0.1642 | F82: 12 | G82: 66 | H82: 78
A83: 81 | B83: 82 | C83: 0.2273 | D83: 0.56 | E83: 0.194 | F83: 18 | G83: 79 | H83: 97
... A611: 609 | B611: 610 | C611: 0.2576 | D611: 0.86 | E611: 0 | F611: 1 | G611: 40 | H611: 41

Sheet Raw_D3
A1: instant | B1: dteday | C1: season | D1: yr | E1: mnth | F1: hr | G1: holiday | H1: weekday | I1: weathersit | J1: temp | K1: atemp | L1: hum | M1: windspeed | N1: casual | O1: registered | P1: cnt
A2: 620 | B2: 40572 | C2: 1 | D2: 0 | E2: 1 | F2: 1 | G2: FALSE | H2: 6 | I2: 1 | J2: 0.22 | K2: 0.2273 | L2: 0.64 | M2: 0.194 | N2: 0 | O2: 20 | P2: 20
A3: 621 | B3: 40572 | C3: 1 | D3: 0 | E3: 1 | F3: 2 | G3: FALSE | H3: 6 | I3: 1 | J3: 0.22 | K3: 0.2273 | L3: 0.64 | M3: 0.1642 | N3: 0 | O3: 15 | P3: 15
A4: 622 | B4: 40572 | C4: 1 | D4: 0 | E4: 1 | F4: 3 | G4: FALSE | H4: 6 | I4: 1 | J4: 0.2 | K4: 0.2121 | L4: 0.64 | M4: 0.1343 | N4: 3 | O4: 5 | P4: 8
A5: 623 | B5: 40572 | C5: 1 | D5: 0 | E5: 1 | F5: 4 | G5: FALSE | H5: 6 | I5: 1 | J5: 0.16 | K5: 0.1818 | L5: 0.69 | M5: 0.1045 | N5: 1 | O5: 2 | P5: 3
A6: 624 | B6: 40572 | C6: 1 | D6: 0 | E6: 1 | F6: 6 | G6: FALSE | H6: 6 | I6: 1 | J6: 0.16 | K6: 0.1818 | L6: 0.64 | M6: 0.1343 | N6: 0 | O6: 2 | P6: 2
A7: 625 | B7: 40572 | C7: 1 | D7: 0 | E7: 1 | F7: 7 | G7: FALSE | H7: 6 | I7: 1 | J7: 0.16 | K7: 0.1818 | L7: 0.59 | M7: 0.1045 | N7: 1 | O7: 4 | P7: 5
A8: 626 | B8: 40572 | C8: 1 | D8: 0 | E8: 1 | F8: 8 | G8: FALSE | H8: 6 | I8: 1 | J8: 0.18 | K8: 0.197 | L8: 0.55 | M8: 0.1642 | N8: 3 | O8: 31 | P8: 34
A9: 627 | B9: 40572 | C9: 1 | D9: 0 | E9: 1 | F9: 9 | G9: FALSE | H9: 6 | I9: 1 | J9: 0.18 | K9: 0.2121 | L9: 0.59 | M9: 0.0896 | N9: 0 | O9: 34 | P9: 34
A10: 628 | B10: 40572 | C10: 1 | D10: 0 | E10: 1 | F10: 10 | G10: FALSE | H10: 6 | I10: 2 | J10: 0.18 | K10: 0.2121 | L10: 0.64 | M10: 0.1045 | N10: 4 | O10: 51 | P10: 55
A11: 629 | B11: 40572 | C11: 1 | D11: 0 | E11: 1 | F11: 11 | G11: FALSE | H11: 6 | I11: 2 | J11: 0.18 | K11: 0.197 | L11: 0.64 | M11: 0.1343 | N11: 4 | O11: 60 | P11: 64
A12: 630 | B12: 40572 | C12: 1 | D12: 0 | E12: 1 | F12: 12 | G12: FALSE | H12: 6 | I12: 2 | J12: 0.2 | K12: 0.197 | L12: 0.59 | M12: 0.194 | N12: 12 | O12: 66 | P12: 78
A13: 631 | B13: 40572 | C13: 1 | D13: 0 | E13: 1 | F13: 13 | G13: FALSE | H13: 6 | I13: 2 | J13: 0.22 | K13: 0.2273 | L13: 0.55 | M13: 0.1642 | N13: 9 | O13: 56 | P13: 65
... A391: 619 | B391: 40572 | C391: 1 | D391: 0 | E391: 1 | F391: 0 | G391: FALSE | H391: 6 | I391: 1 | J391: 0.22 | K391: 0.197 | L391: 0.64 | M391: 0.3582 | N391: 2 | O391: 26 | P391: 28

Sheet Lookups
A1: Lookup tables & model parameters
A2: Code tables used by VLOOKUP / INDEX-MATCH in Clean_Data. Parameters (yellow) can be changed and the whole workbook updates.
A3: weathersit | B3: weather_name | D3: season | E3: season_name | G3: hour_from | H3: time_block | J3: Parameter | K3: Value | M3: weekday | N3: day
A4: 1 | B4: Clear | D4: 1 | E4: Winter | G4: 0 | H4: Night (00-05) | J4: atemp ~ temp : slope | K4: =SLOPE(Clean_Data!$K$2:$K$1001,Clean_Data!$J$2:$J$1001) -> 0.91849744 | M4: 0 | N4: Sun
A5: 2 | B5: Mist/Cloudy | D5: 2 | E5: Spring | G5: 6 | H5: Morning Peak (06-09) | J5: atemp ~ temp : intercept | K5: =INTERCEPT(Clean_Data!$K$2:$K$1001,Clean_Data!$J$2:$J$1001) -> 0.023930544 | M5: 1 | N5: Mon
A6: 3 | B6: Light Rain/Snow | D6: 3 | E6: Summer | G6: 10 | H6: Midday (10-15) | J6: Hourly anomaly threshold (|z|) | K6: 3 | M6: 2 | N6: Tue
A7: 4 | B7: Heavy Rain/Snow | D7: 4 | E7: Fall | G7: 16 | H7: Evening Peak (16-19) | J7: High-demand cut-off (75th pct of cnt) | K7: {=PERCENTILE(IF(Clean_Data!$V$2:$V$1001=1,Clean_Data!$P$2:$P$1001),0.75)} -> 83 | M7: 3 | N7: Wed
G8: 20 | H8: Late Evening (20-23) | J8: Low-demand cut-off (25th pct of cnt) | K8: {=PERCENTILE(IF(Clean_Data!$V$2:$V$1001=1,Clean_Data!$P$2:$P$1001),0.25)} -> 16 | M8: 4 | N8: Thu
J9: Rows used for regression | K9: =SUMPRODUCT(ISNUMBER(Clean_Data!$K$2:$K$1001)*ISNUMBER(Clean_Data!$J$2:$J$1001)) -> 989 | M9: 5 | N9: Fri
A10: Scaling used for real-world units (dataset documentation): temp x 41 = deg C, atemp x 50 = deg C, hum x 100 = %, windspeed x 67 = km/h. | J10: Rows loaded: dataset_1 | K10: =COUNT(Raw_D1!$A$2:$A$1001) -> 610 | M10: 6 | N10: Sat
A11: Note: season 1-4 = Winter, Spring, Summer, Fall; weekday 0 = Sunday; weathersit 1 = best, 4 = worst. | J11: Rows loaded: dataset_3 | K11: =COUNT(Raw_D3!$A$2:$A$1001) -> 390
J12: Daily anomaly threshold (|z|) | K12: 2

Sheet Clean_Data
A1: instant | B1: dteday | C1: season | D1: yr | E1: mnth | F1: hr | G1: holiday | H1: weekday | I1: weathersit | J1: temp | K1: atemp_raw | L1: hum | M1: windspeed | N1: casual | O1: registered | P1: cnt | Q1: source | R1: atemp | S1: atemp_status | T1: cnt_check | U1: dup_check | V1: include | W1: day_type | X1: day_name | Y1: month_name | Z1: season_name | AA1: weather_name | AB1: hour_label | AC1: time_block | AD1: temp_c | AE1: feels_like_c | AF1: humidity_pct | AG1: windspeed_kmh | AH1: registered_share | AI1: demand_level | AJ1: temp_band | AK1: cnt_sq | AL1: expected_cnt | AM1: z_score | AN1: anomaly_flag | AO1: rank_key | AP1: m_D1 | AQ1: m_D2 | AR1: m_D3
A2: 1 | B2: =IF($A2="","",IF($AP2<>"",INDEX(Raw_D1!$B$2:$B$1001,$AP2),IF($AR2<>"",INDEX(Raw_D3!$B$2:$B$1001,$AR2),""))) -> 40544 | C2: =IF($A2="","",IF($AP2<>"",INDEX(Raw_D1!$C$2:$C$1001,$AP2),IF($AR2<>"",INDEX(Raw_D3!$C$2:$C$1001,$AR2),""))) -> 1 | D2: =IF($A2="","",IF($AP2<>"",INDEX(Raw_D1!$D$2:$D$1001,$AP2),IF($AR2<>"",INDEX(Raw_D3!$D$2:$D$1001,$AR2),""))) -> 0 | E2: =IF($A2="","",IF($AP2<>"",INDEX(Raw_D1!$E$2:$E$1001,$AP2),IF($AR2<>"",INDEX(Raw_D3!$E$2:$E$1001,$AR2),""))) -> 1 | F2: =IF($A2="","",IF($AP2<>"",INDEX(Raw_D1!$F$2:$F$1001,$AP2),IF($AR2<>"",INDEX(Raw_D3!$F$2:$F$1001,$AR2),""))) -> 0 | G2: =IF($A2="","",IF($AP2<>"",IF(INDEX(Raw_D1!$G$2:$G$1001,$AP2),1,0),IF($AR2<>"",IF(INDEX(Raw_D3!$G$2:$G$1001,$AR2),1,0),""))) -> 0 | H2: =IF($A2="","",IF($AP2<>"",INDEX(Raw_D1!$H$2:$H$1001,$AP2),IF($AR2<>"",INDEX(Raw_D3!$H$2:$H$1001,$AR2),""))) -> 6 | I2: =IF($A2="","",IF($AP2<>"",INDEX(Raw_D1!$I$2:$I$1001,$AP2),IF($AR2<>"",INDEX(Raw_D3!$I$2:$I$1001,$AR2),""))) -> 1 | J2: =IF($A2="","",IF($AP2<>"",INDEX(Raw_D1!$J$2:$J$1001,$AP2),IF($AR2<>"",INDEX(Raw_D3!$J$2:$J$1001,$AR2),""))) -> 0.24 | K2: =IF($A2="","",IF($AQ2<>"",IF(INDEX(Raw_D2!$C$2:$C$1001,$AQ2)="","",INDEX(Raw_D2!$C$2:$C$1001,$AQ2)),IF($AR2<>"",IF(INDEX(Raw_D3!$K$2:$K$1001,$AR2)="","",INDEX(Raw_D3!$K$2:$K$1001,$AR2)),""))) -> 0.2879 | L2: =IF($A2="","",IF($AQ2<>"",IF(INDEX(Raw_D2!$D$2:$D$1001,$AQ2)="","",INDEX(Raw_D2!$D$2:$D$1001,$AQ2)),IF($AR2<>"",IF(INDEX(Raw_D3!$L$2:$L$1001,$AR2)="","",INDEX(Raw_D3!$L$2:$L$1001,$AR2)),""))) -> 0.81 | M2: =IF($A2="","",IF($AQ2<>"",IF(INDEX(Raw_D2!$E$2:$E$1001,$AQ2)="","",INDEX(Raw_D2!$E$2:$E$1001,$AQ2)),IF($AR2<>"",IF(INDEX(Raw_D3!$M$2:$M$1001,$AR2)="","",INDEX(Raw_D3!$M$2:$M$1001,$AR2)),""))) -> 0 | N2: =IF($A2="","",IF($AQ2<>"",IF(INDEX(Raw_D2!$F$2:$F$1001,$AQ2)="","",INDEX(Raw_D2!$F$2:$F$1001,$AQ2)),IF($AR2<>"",IF(INDEX(Raw_D3!$N$2:$N$1001,$AR2)="","",INDEX(Raw_D3!$N$2:$N$1001,$AR2)),""))) -> 3 | O2: =IF($A2="","",IF($AQ2<>"",IF(INDEX(Raw_D2!$G$2:$G$1001,$AQ2)="","",INDEX(Raw_D2!$G$2:$G$1001,$AQ2)),IF($AR2<>"",IF(INDEX(Raw_D3!$O$2:$O$1001,$AR2)="","",INDEX(Raw_D3!$O$2:$O$1001,$AR2)),""))) -> 13 | P2: =IF($A2="","",IF($AQ2<>"",IF(INDEX(Raw_D2!$H$2:$H$1001,$AQ2)="","",INDEX(Raw_D2!$H$2:$H$1001,$AQ2)),IF($AR2<>"",IF(INDEX(Raw_D3!$P$2:$P$1001,$AR2)="","",INDEX(Raw_D3!$P$2:$P$1001,$AR2)),""))) -> 16 | Q2: =IF($A2="","",IF(AND($AP2<>"",$AQ2<>""),"D1+D2",IF($AR2<>"","D3","Incomplete"))) -> D1+D2 | R2: =IF($A2="","",IF($K2="",IF($J2="","",ROUND(Lookups!$K$5+Lookups!$K$4*$J2,4)),$K2)) -> 0.2879 | S2: =IF($A2="","",IF($K2="","Imputed","Original")) -> Original | T2: =IF($A2="","",IF($P2="","Missing",IF($P2=$N2+$O2,"OK","Mismatch"))) -> OK | U2: =IF($A2="","",IF(COUNTIF($A$2:$A2,$A2)>1,"Duplicate","Unique")) -> Unique | V2: =IF($A2="","",IF(AND($U2="Unique",ISNUMBER($P2)),1,0)) -> 1 | W2: =IF($A2="","",IF(OR($H2=0,$H2=6),"Weekend","Weekday")) -> Weekend | X2: =IF($A2="","",TEXT($B2,"ddd")) -> Sat | Y2: =IF($A2="","",TEXT($B2,"mmm")) -> Jan | Z2: =IF($A2="","",IFERROR(VLOOKUP($C2,Lookups!$D$4:$E$7,2,FALSE),"Unknown")) -> Winter | AA2: =IF($A2="","",IFERROR(VLOOKUP($I2,Lookups!$A$4:$B$7,2,FALSE),"Unknown")) -> Clear | AB2: =IF($A2="","",TEXT($F2,"00")&":00") -> 00:00 | AC2: =IF($A2="","",VLOOKUP($F2,Lookups!$G$4:$H$8,2,TRUE)) -> Night (00-05) | AD2: =IF($A2="","",IF($J2="","",ROUND($J2*41,1))) -> 9.8 | AE2: =IF($A2="","",IF($R2="","",ROUND($R2*50,1))) -> 14.4 | AF2: =IF($A2="","",IF($L2="","",ROUND($L2*100,0))) -> 81 | AG2: =IF($A2="","",IF($M2="","",ROUND($M2*67,1))) -> 0 | AH2: =IF($A2="","",IF($P2="","",IF($P2=0,0,$O2/$P2))) -> 0.8125 | AI2: =IF($A2="","",IF($P2="","",IF($P2>=Lookups!$K$7,"High",IF($P2<=Lookups!$K$8,"Low","Medium")))) -> Low | AJ2: =IF($A2="","",IF($AD2="","",IF($AD2<5,"Under 5 C",IF($AD2<10,"5-10 C",IF($AD2<15,"10-15 C","15 C and above"))))) -> 5-10 C | AK2: =IF($A2="","",IF($P2="","",$P2^2)) -> 256 | AL2: =IF($V2<>1,"",AVERAGEIFS(Clean_Data!$P$2:$P$1001,Clean_Data!$F$2:$F$1001,$F2,Clean_Data!$W$2:$W$1001,$W2,Clean_Data!$V$2:$V$1001,1)) -> 28.071429 | AM2: =IF($V2<>1,"",IFERROR(($P2-$AL2)/SQRT(MAX(0,(SUMIFS(Clean_Data!$AK$2:$AK$1001,Clean_Data!$F$2:$F$1001,$F2,Clean_Data!$W$2:$W$1001,$W2,Clean_Data!$V$2:$V$1001,1)-COUNTIFS(Clean_Data!$F$2:$F$1001,$F2,Clean_Data!$W$2:$W$1001,$W2,Clean_Data!$V$2:$V$1001,1)*$AL2^2)/(COUNTIFS(Clean_Data!$F$2:$F$1001,$F2,Clean_Data!$W$2:$W$1001,$W2,Clean_Data!$V$2:$V$1001,1)-1))),"")) -> -1.3387748 | AN2: =IF($AM2="","",IF($AM2>=Lookups!$K$6,"High spike",IF($AM2<=-Lookups!$K$6,"Unusual low","Normal"))) -> Normal | AO2: =IF($V2<>1,"",$P2+ROW()/100000) -> 16.00002 | AP2: =IF($A2="","",IFERROR(MATCH($A2,Raw_D1!$A$2:$A$1001,0),"")) -> 1 | AQ2: =IF($A2="","",IFERROR(MATCH($A2,Raw_D2!$B$2:$B$1001,0),"")) -> 1 | AR2: =IF($A2="","",IFERROR(MATCH($A2,Raw_D3!$A$2:$A$1001,0),""))
A3: 2 | B3: =IF($A3="","",IF($AP3<>"",INDEX(Raw_D1!$B$2:$B$1001,$AP3),IF($AR3<>"",INDEX(Raw_D3!$B$2:$B$1001,$AR3),""))) -> 40544 | C3: =IF($A3="","",IF($AP3<>"",INDEX(Raw_D1!$C$2:$C$1001,$AP3),IF($AR3<>"",INDEX(Raw_D3!$C$2:$C$1001,$AR3),""))) -> 1 | D3: =IF($A3="","",IF($AP3<>"",INDEX(Raw_D1!$D$2:$D$1001,$AP3),IF($AR3<>"",INDEX(Raw_D3!$D$2:$D$1001,$AR3),""))) -> 0 | E3: =IF($A3="","",IF($AP3<>"",INDEX(Raw_D1!$E$2:$E$1001,$AP3),IF($AR3<>"",INDEX(Raw_D3!$E$2:$E$1001,$AR3),""))) -> 1 | F3: =IF($A3="","",IF($AP3<>"",INDEX(Raw_D1!$F$2:$F$1001,$AP3),IF($AR3<>"",INDEX(Raw_D3!$F$2:$F$1001,$AR3),""))) -> 1 | G3: =IF($A3="","",IF($AP3<>"",IF(INDEX(Raw_D1!$G$2:$G$1001,$AP3),1,0),IF($AR3<>"",IF(INDEX(Raw_D3!$G$2:$G$1001,$AR3),1,0),""))) -> 0 | H3: =IF($A3="","",IF($AP3<>"",INDEX(Raw_D1!$H$2:$H$1001,$AP3),IF($AR3<>"",INDEX(Raw_D3!$H$2:$H$1001,$AR3),""))) -> 6 | I3: =IF($A3="","",IF($AP3<>"",INDEX(Raw_D1!$I$2:$I$1001,$AP3),IF($AR3<>"",INDEX(Raw_D3!$I$2:$I$1001,$AR3),""))) -> 1 | J3: =IF($A3="","",IF($AP3<>"",INDEX(Raw_D1!$J$2:$J$1001,$AP3),IF($AR3<>"",INDEX(Raw_D3!$J$2:$J$1001,$AR3),""))) -> 0.22 | K3: =IF($A3="","",IF($AQ3<>"",IF(INDEX(Raw_D2!$C$2:$C$1001,$AQ3)="","",INDEX(Raw_D2!$C$2:$C$1001,$AQ3)),IF($AR3<>"",IF(INDEX(Raw_D3!$K$2:$K$1001,$AR3)="","",INDEX(Raw_D3!$K$2:$K$1001,$AR3)),""))) -> 0.2727 | L3: =IF($A3="","",IF($AQ3<>"",IF(INDEX(Raw_D2!$D$2:$D$1001,$AQ3)="","",INDEX(Raw_D2!$D$2:$D$1001,$AQ3)),IF($AR3<>"",IF(INDEX(Raw_D3!$L$2:$L$1001,$AR3)="","",INDEX(Raw_D3!$L$2:$L$1001,$AR3)),""))) -> 0.8 | M3: =IF($A3="","",IF($AQ3<>"",IF(INDEX(Raw_D2!$E$2:$E$1001,$AQ3)="","",INDEX(Raw_D2!$E$2:$E$1001,$AQ3)),IF($AR3<>"",IF(INDEX(Raw_D3!$M$2:$M$1001,$AR3)="","",INDEX(Raw_D3!$M$2:$M$1001,$AR3)),""))) -> 0 | N3: =IF($A3="","",IF($AQ3<>"",IF(INDEX(Raw_D2!$F$2:$F$1001,$AQ3)="","",INDEX(Raw_D2!$F$2:$F$1001,$AQ3)),IF($AR3<>"",IF(INDEX(Raw_D3!$N$2:$N$1001,$AR3)="","",INDEX(Raw_D3!$N$2:$N$1001,$AR3)),""))) -> 8 | O3: =IF($A3="","",IF($AQ3<>"",IF(INDEX(Raw_D2!$G$2:$G$1001,$AQ3)="","",INDEX(Raw_D2!$G$2:$G$1001,$AQ3)),IF($AR3<>"",IF(INDEX(Raw_D3!$O$2:$O$1001,$AR3)="","",INDEX(Raw_D3!$O$2:$O$1001,$AR3)),""))) -> 32 | P3: =IF($A3="","",IF($AQ3<>"",IF(INDEX(Raw_D2!$H$2:$H$1001,$AQ3)="","",INDEX(Raw_D2!$H$2:$H$1001,$AQ3)),IF($AR3<>"",IF(INDEX(Raw_D3!$P$2:$P$1001,$AR3)="","",INDEX(Raw_D3!$P$2:$P$1001,$AR3)),""))) -> 40 | Q3: =IF($A3="","",IF(AND($AP3<>"",$AQ3<>""),"D1+D2",IF($AR3<>"","D3","Incomplete"))) -> D1+D2 | R3: =IF($A3="","",IF($K3="",IF($J3="","",ROUND(Lookups!$K$5+Lookups!$K$4*$J3,4)),$K3)) -> 0.2727 | S3: =IF($A3="","",IF($K3="","Imputed","Original")) -> Original | T3: =IF($A3="","",IF($P3="","Missing",IF($P3=$N3+$O3,"OK","Mismatch"))) -> OK | U3: =IF($A3="","",IF(COUNTIF($A$2:$A3,$A3)>1,"Duplicate","Unique")) -> Unique | V3: =IF($A3="","",IF(AND($U3="Unique",ISNUMBER($P3)),1,0)) -> 1 | W3: =IF($A3="","",IF(OR($H3=0,$H3=6),"Weekend","Weekday")) -> Weekend | X3: =IF($A3="","",TEXT($B3,"ddd")) -> Sat | Y3: =IF($A3="","",TEXT($B3,"mmm")) -> Jan | Z3: =IF($A3="","",IFERROR(VLOOKUP($C3,Lookups!$D$4:$E$7,2,FALSE),"Unknown")) -> Winter | AA3: =IF($A3="","",IFERROR(VLOOKUP($I3,Lookups!$A$4:$B$7,2,FALSE),"Unknown")) -> Clear | AB3: =IF($A3="","",TEXT($F3,"00")&":00") -> 01:00 | AC3: =IF($A3="","",VLOOKUP($F3,Lookups!$G$4:$H$8,2,TRUE)) -> Night (00-05) | AD3: =IF($A3="","",IF($J3="","",ROUND($J3*41,1))) -> 9 | AE3: =IF($A3="","",IF($R3="","",ROUND($R3*50,1))) -> 13.6 | AF3: =IF($A3="","",IF($L3="","",ROUND($L3*100,0))) -> 80 | AG3: =IF($A3="","",IF($M3="","",ROUND($M3*67,1))) -> 0 | AH3: =IF($A3="","",IF($P3="","",IF($P3=0,0,$O3/$P3))) -> 0.8 | AI3: =IF($A3="","",IF($P3="","",IF($P3>=Lookups!$K$7,"High",IF($P3<=Lookups!$K$8,"Low","Medium")))) -> Medium | AJ3: =IF($A3="","",IF($AD3="","",IF($AD3<5,"Under 5 C",IF($AD3<10,"5-10 C",IF($AD3<15,"10-15 C","15 C and above"))))) -> 5-10 C | AK3: =IF($A3="","",IF($P3="","",$P3^2)) -> 1600 | AL3: =IF($V3<>1,"",AVERAGEIFS(Clean_Data!$P$2:$P$1001,Clean_Data!$F$2:$F$1001,$F3,Clean_Data!$W$2:$W$1001,$W3,Clean_Data!$V$2:$V$1001,1)) -> 22.285714 | AM3: =IF($V3<>1,"",IFERROR(($P3-$AL3)/SQRT(MAX(0,(SUMIFS(Clean_Data!$AK$2:$AK$1001,Clean_Data!$F$2:$F$1001,$F3,Clean_Data!$W$2:$W$1001,$W3,Clean_Data!$V$2:$V$1001,1)-COUNTIFS(Clean_Data!$F$2:$F$1001,$F3,Clean_Data!$W$2:$W$1001,$W3,Clean_Data!$V$2:$V$1001,1)*$AL3^2)/(COUNTIFS(Clean_Data!$F$2:$F$1001,$F3,Clean_Data!$W$2:$W$1001,$W3,Clean_Data!$V$2:$V$1001,1)-1))),"")) -> 1.8205034 | AN3: =IF($AM3="","",IF($AM3>=Lookups!$K$6,"High spike",IF($AM3<=-Lookups!$K$6,"Unusual low","Normal"))) -> Normal | AO3: =IF($V3<>1,"",$P3+ROW()/100000) -> 40.00003 | AP3: =IF($A3="","",IFERROR(MATCH($A3,Raw_D1!$A$2:$A$1001,0),"")) -> 2 | AQ3: =IF($A3="","",IFERROR(MATCH($A3,Raw_D2!$B$2:$B$1001,0),"")) -> 2 | AR3: =IF($A3="","",IFERROR(MATCH($A3,Raw_D3!$A$2:$A$1001,0),""))
A4: 3 | B4: =IF($A4="","",IF($AP4<>"",INDEX(Raw_D1!$B$2:$B$1001,$AP4),IF($AR4<>"",INDEX(Raw_D3!$B$2:$B$1001,$AR4),""))) -> 40544 | C4: =IF($A4="","",IF($AP4<>"",INDEX(Raw_D1!$C$2:$C$1001,$AP4),IF($AR4<>"",INDEX(Raw_D3!$C$2:$C$1001,$AR4),""))) -> 1 | D4: =IF($A4="","",IF($AP4<>"",INDEX(Raw_D1!$D$2:$D$1001,$AP4),IF($AR4<>"",INDEX(Raw_D3!$D$2:$D$1001,$AR4),""))) -> 0 | E4: =IF($A4="","",IF($AP4<>"",INDEX(Raw_D1!$E$2:$E$1001,$AP4),IF($AR4<>"",INDEX(Raw_D3!$E$2:$E$1001,$AR4),""))) -> 1 | F4: =IF($A4="","",IF($AP4<>"",INDEX(Raw_D1!$F$2:$F$1001,$AP4),IF($AR4<>"",INDEX(Raw_D3!$F$2:$F$1001,$AR4),""))) -> 2 | G4: =IF($A4="","",IF($AP4<>"",IF(INDEX(Raw_D1!$G$2:$G$1001,$AP4),1,0),IF($AR4<>"",IF(INDEX(Raw_D3!$G$2:$G$1001,$AR4),1,0),""))) -> 0 | H4: =IF($A4="","",IF($AP4<>"",INDEX(Raw_D1!$H$2:$H$1001,$AP4),IF($AR4<>"",INDEX(Raw_D3!$H$2:$H$1001,$AR4),""))) -> 6 | I4: =IF($A4="","",IF($AP4<>"",INDEX(Raw_D1!$I$2:$I$1001,$AP4),IF($AR4<>"",INDEX(Raw_D3!$I$2:$I$1001,$AR4),""))) -> 1 | J4: =IF($A4="","",IF($AP4<>"",INDEX(Raw_D1!$J$2:$J$1001,$AP4),IF($AR4<>"",INDEX(Raw_D3!$J$2:$J$1001,$AR4),""))) -> 0.22 | K4: =IF($A4="","",IF($AQ4<>"",IF(INDEX(Raw_D2!$C$2:$C$1001,$AQ4)="","",INDEX(Raw_D2!$C$2:$C$1001,$AQ4)),IF($AR4<>"",IF(INDEX(Raw_D3!$K$2:$K$1001,$AR4)="","",INDEX(Raw_D3!$K$2:$K$1001,$AR4)),""))) -> 0.2727 | L4: =IF($A4="","",IF($AQ4<>"",IF(INDEX(Raw_D2!$D$2:$D$1001,$AQ4)="","",INDEX(Raw_D2!$D$2:$D$1001,$AQ4)),IF($AR4<>"",IF(INDEX(Raw_D3!$L$2:$L$1001,$AR4)="","",INDEX(Raw_D3!$L$2:$L$1001,$AR4)),""))) -> 0.8 | M4: =IF($A4="","",IF($AQ4<>"",IF(INDEX(Raw_D2!$E$2:$E$1001,$AQ4)="","",INDEX(Raw_D2!$E$2:$E$1001,$AQ4)),IF($AR4<>"",IF(INDEX(Raw_D3!$M$2:$M$1001,$AR4)="","",INDEX(Raw_D3!$M$2:$M$1001,$AR4)),""))) -> 0 | N4: =IF($A4="","",IF($AQ4<>"",IF(INDEX(Raw_D2!$F$2:$F$1001,$AQ4)="","",INDEX(Raw_D2!$F$2:$F$1001,$AQ4)),IF($AR4<>"",IF(INDEX(Raw_D3!$N$2:$N$1001,$AR4)="","",INDEX(Raw_D3!$N$2:$N$1001,$AR4)),""))) -> 5 | O4: =IF($A4="","",IF($AQ4<>"",IF(INDEX(Raw_D2!$G$2:$G$1001,$AQ4)="","",INDEX(Raw_D2!$G$2:$G$1001,$AQ4)),IF($AR4<>"",IF(INDEX(Raw_D3!$O$2:$O$1001,$AR4)="","",INDEX(Raw_D3!$O$2:$O$1001,$AR4)),""))) -> 27 | P4: =IF($A4="","",IF($AQ4<>"",IF(INDEX(Raw_D2!$H$2:$H$1001,$AQ4)="","",INDEX(Raw_D2!$H$2:$H$1001,$AQ4)),IF($AR4<>"",IF(INDEX(Raw_D3!$P$2:$P$1001,$AR4)="","",INDEX(Raw_D3!$P$2:$P$1001,$AR4)),""))) -> 32 | Q4: =IF($A4="","",IF(AND($AP4<>"",$AQ4<>""),"D1+D2",IF($AR4<>"","D3","Incomplete"))) -> D1+D2 | R4: =IF($A4="","",IF($K4="",IF($J4="","",ROUND(Lookups!$K$5+Lookups!$K$4*$J4,4)),$K4)) -> 0.2727 | S4: =IF($A4="","",IF($K4="","Imputed","Original")) -> Original | T4: =IF($A4="","",IF($P4="","Missing",IF($P4=$N4+$O4,"OK","Mismatch"))) -> OK | U4: =IF($A4="","",IF(COUNTIF($A$2:$A4,$A4)>1,"Duplicate","Unique")) -> Unique | V4: =IF($A4="","",IF(AND($U4="Unique",ISNUMBER($P4)),1,0)) -> 1 | W4: =IF($A4="","",IF(OR($H4=0,$H4=6),"Weekend","Weekday")) -> Weekend | X4: =IF($A4="","",TEXT($B4,"ddd")) -> Sat | Y4: =IF($A4="","",TEXT($B4,"mmm")) -> Jan | Z4: =IF($A4="","",IFERROR(VLOOKUP($C4,Lookups!$D$4:$E$7,2,FALSE),"Unknown")) -> Winter | AA4: =IF($A4="","",IFERROR(VLOOKUP($I4,Lookups!$A$4:$B$7,2,FALSE),"Unknown")) -> Clear | AB4: =IF($A4="","",TEXT($F4,"00")&":00") -> 02:00 | AC4: =IF($A4="","",VLOOKUP($F4,Lookups!$G$4:$H$8,2,TRUE)) -> Night (00-05) | AD4: =IF($A4="","",IF($J4="","",ROUND($J4*41,1))) -> 9 | AE4: =IF($A4="","",IF($R4="","",ROUND($R4*50,1))) -> 13.6 | AF4: =IF($A4="","",IF($L4="","",ROUND($L4*100,0))) -> 80 | AG4: =IF($A4="","",IF($M4="","",ROUND($M4*67,1))) -> 0 | AH4: =IF($A4="","",IF($P4="","",IF($P4=0,0,$O4/$P4))) -> 0.84375 | AI4: =IF($A4="","",IF($P4="","",IF($P4>=Lookups!$K$7,"High",IF($P4<=Lookups!$K$8,"Low","Medium")))) -> Medium | AJ4: =IF($A4="","",IF($AD4="","",IF($AD4<5,"Under 5 C",IF($AD4<10,"5-10 C",IF($AD4<15,"10-15 C","15 C and above"))))) -> 5-10 C | AK4: =IF($A4="","",IF($P4="","",$P4^2)) -> 1024 | AL4: =IF($V4<>1,"",AVERAGEIFS(Clean_Data!$P$2:$P$1001,Clean_Data!$F$2:$F$1001,$F4,Clean_Data!$W$2:$W$1001,$W4,Clean_Data!$V$2:$V$1001,1)) -> 15.928571 | AM4: =IF($V4<>1,"",IFERROR(($P4-$AL4)/SQRT(MAX(0,(SUMIFS(Clean_Data!$AK$2:$AK$1001,Clean_Data!$F$2:$F$1001,$F4,Clean_Data!$W$2:$W$1001,$W4,Clean_Data!$V$2:$V$1001,1)-COUNTIFS(Clean_Data!$F$2:$F$1001,$F4,Clean_Data!$W$2:$W$1001,$W4,Clean_Data!$V$2:$V$1001,1)*$AL4^2)/(COUNTIFS(Clean_Data!$F$2:$F$1001,$F4,Clean_Data!$W$2:$W$1001,$W4,Clean_Data!$V$2:$V$1001,1)-1))),"")) -> 2.7785434 | AN4: =IF($AM4="","",IF($AM4>=Lookups!$K$6,"High spike",IF($AM4<=-Lookups!$K$6,"Unusual low","Normal"))) -> Normal | AO4: =IF($V4<>1,"",$P4+ROW()/100000) -> 32.00004 | AP4: =IF($A4="","",IFERROR(MATCH($A4,Raw_D1!$A$2:$A$1001,0),"")) -> 3 | AQ4: =IF($A4="","",IFERROR(MATCH($A4,Raw_D2!$B$2:$B$1001,0),"")) -> 3 | AR4: =IF($A4="","",IFERROR(MATCH($A4,Raw_D3!$A$2:$A$1001,0),""))
A5: 4 | B5: =IF($A5="","",IF($AP5<>"",INDEX(Raw_D1!$B$2:$B$1001,$AP5),IF($AR5<>"",INDEX(Raw_D3!$B$2:$B$1001,$AR5),""))) -> 40544 | C5: =IF($A5="","",IF($AP5<>"",INDEX(Raw_D1!$C$2:$C$1001,$AP5),IF($AR5<>"",INDEX(Raw_D3!$C$2:$C$1001,$AR5),""))) -> 1 | D5: =IF($A5="","",IF($AP5<>"",INDEX(Raw_D1!$D$2:$D$1001,$AP5),IF($AR5<>"",INDEX(Raw_D3!$D$2:$D$1001,$AR5),""))) -> 0 | E5: =IF($A5="","",IF($AP5<>"",INDEX(Raw_D1!$E$2:$E$1001,$AP5),IF($AR5<>"",INDEX(Raw_D3!$E$2:$E$1001,$AR5),""))) -> 1 | F5: =IF($A5="","",IF($AP5<>"",INDEX(Raw_D1!$F$2:$F$1001,$AP5),IF($AR5<>"",INDEX(Raw_D3!$F$2:$F$1001,$AR5),""))) -> 3 | G5: =IF($A5="","",IF($AP5<>"",IF(INDEX(Raw_D1!$G$2:$G$1001,$AP5),1,0),IF($AR5<>"",IF(INDEX(Raw_D3!$G$2:$G$1001,$AR5),1,0),""))) -> 0 | H5: =IF($A5="","",IF($AP5<>"",INDEX(Raw_D1!$H$2:$H$1001,$AP5),IF($AR5<>"",INDEX(Raw_D3!$H$2:$H$1001,$AR5),""))) -> 6 | I5: =IF($A5="","",IF($AP5<>"",INDEX(Raw_D1!$I$2:$I$1001,$AP5),IF($AR5<>"",INDEX(Raw_D3!$I$2:$I$1001,$AR5),""))) -> 1 | J5: =IF($A5="","",IF($AP5<>"",INDEX(Raw_D1!$J$2:$J$1001,$AP5),IF($AR5<>"",INDEX(Raw_D3!$J$2:$J$1001,$AR5),""))) -> 0.24 | K5: =IF($A5="","",IF($AQ5<>"",IF(INDEX(Raw_D2!$C$2:$C$1001,$AQ5)="","",INDEX(Raw_D2!$C$2:$C$1001,$AQ5)),IF($AR5<>"",IF(INDEX(Raw_D3!$K$2:$K$1001,$AR5)="","",INDEX(Raw_D3!$K$2:$K$1001,$AR5)),""))) -> 0.2879 | L5: =IF($A5="","",IF($AQ5<>"",IF(INDEX(Raw_D2!$D$2:$D$1001,$AQ5)="","",INDEX(Raw_D2!$D$2:$D$1001,$AQ5)),IF($AR5<>"",IF(INDEX(Raw_D3!$L$2:$L$1001,$AR5)="","",INDEX(Raw_D3!$L$2:$L$1001,$AR5)),""))) -> 0.75 | M5: =IF($A5="","",IF($AQ5<>"",IF(INDEX(Raw_D2!$E$2:$E$1001,$AQ5)="","",INDEX(Raw_D2!$E$2:$E$1001,$AQ5)),IF($AR5<>"",IF(INDEX(Raw_D3!$M$2:$M$1001,$AR5)="","",INDEX(Raw_D3!$M$2:$M$1001,$AR5)),""))) -> 0 | N5: =IF($A5="","",IF($AQ5<>"",IF(INDEX(Raw_D2!$F$2:$F$1001,$AQ5)="","",INDEX(Raw_D2!$F$2:$F$1001,$AQ5)),IF($AR5<>"",IF(INDEX(Raw_D3!$N$2:$N$1001,$AR5)="","",INDEX(Raw_D3!$N$2:$N$1001,$AR5)),""))) -> 3 | O5: =IF($A5="","",IF($AQ5<>"",IF(INDEX(Raw_D2!$G$2:$G$1001,$AQ5)="","",INDEX(Raw_D2!$G$2:$G$1001,$AQ5)),IF($AR5<>"",IF(INDEX(Raw_D3!$O$2:$O$1001,$AR5)="","",INDEX(Raw_D3!$O$2:$O$1001,$AR5)),""))) -> 10 | P5: =IF($A5="","",IF($AQ5<>"",IF(INDEX(Raw_D2!$H$2:$H$1001,$AQ5)="","",INDEX(Raw_D2!$H$2:$H$1001,$AQ5)),IF($AR5<>"",IF(INDEX(Raw_D3!$P$2:$P$1001,$AR5)="","",INDEX(Raw_D3!$P$2:$P$1001,$AR5)),""))) -> 13 | Q5: =IF($A5="","",IF(AND($AP5<>"",$AQ5<>""),"D1+D2",IF($AR5<>"","D3","Incomplete"))) -> D1+D2 | R5: =IF($A5="","",IF($K5="",IF($J5="","",ROUND(Lookups!$K$5+Lookups!$K$4*$J5,4)),$K5)) -> 0.2879 | S5: =IF($A5="","",IF($K5="","Imputed","Original")) -> Original | T5: =IF($A5="","",IF($P5="","Missing",IF($P5=$N5+$O5,"OK","Mismatch"))) -> OK | U5: =IF($A5="","",IF(COUNTIF($A$2:$A5,$A5)>1,"Duplicate","Unique")) -> Unique | V5: =IF($A5="","",IF(AND($U5="Unique",ISNUMBER($P5)),1,0)) -> 1 | W5: =IF($A5="","",IF(OR($H5=0,$H5=6),"Weekend","Weekday")) -> Weekend | X5: =IF($A5="","",TEXT($B5,"ddd")) -> Sat | Y5: =IF($A5="","",TEXT($B5,"mmm")) -> Jan | Z5: =IF($A5="","",IFERROR(VLOOKUP($C5,Lookups!$D$4:$E$7,2,FALSE),"Unknown")) -> Winter | AA5: =IF($A5="","",IFERROR(VLOOKUP($I5,Lookups!$A$4:$B$7,2,FALSE),"Unknown")) -> Clear | AB5: =IF($A5="","",TEXT($F5,"00")&":00") -> 03:00 | AC5: =IF($A5="","",VLOOKUP($F5,Lookups!$G$4:$H$8,2,TRUE)) -> Night (00-05) | AD5: =IF($A5="","",IF($J5="","",ROUND($J5*41,1))) -> 9.8 | AE5: =IF($A5="","",IF($R5="","",ROUND($R5*50,1))) -> 14.4 | AF5: =IF($A5="","",IF($L5="","",ROUND($L5*100,0))) -> 75 | AG5: =IF($A5="","",IF($M5="","",ROUND($M5*67,1))) -> 0 | AH5: =IF($A5="","",IF($P5="","",IF($P5=0,0,$O5/$P5))) -> 0.76923077 | AI5: =IF($A5="","",IF($P5="","",IF($P5>=Lookups!$K$7,"High",IF($P5<=Lookups!$K$8,"Low","Medium")))) -> Low | AJ5: =IF($A5="","",IF($AD5="","",IF($AD5<5,"Under 5 C",IF($AD5<10,"5-10 C",IF($AD5<15,"10-15 C","15 C and above"))))) -> 5-10 C | AK5: =IF($A5="","",IF($P5="","",$P5^2)) -> 169 | AL5: =IF($V5<>1,"",AVERAGEIFS(Clean_Data!$P$2:$P$1001,Clean_Data!$F$2:$F$1001,$F5,Clean_Data!$W$2:$W$1001,$W5,Clean_Data!$V$2:$V$1001,1)) -> 9.0714286 | AM5: =IF($V5<>1,"",IFERROR(($P5-$AL5)/SQRT(MAX(0,(SUMIFS(Clean_Data!$AK$2:$AK$1001,Clean_Data!$F$2:$F$1001,$F5,Clean_Data!$W$2:$W$1001,$W5,Clean_Data!$V$2:$V$1001,1)-COUNTIFS(Clean_Data!$F$2:$F$1001,$F5,Clean_Data!$W$2:$W$1001,$W5,Clean_Data!$V$2:$V$1001,1)*$AL5^2)/(COUNTIFS(Clean_Data!$F$2:$F$1001,$F5,Clean_Data!$W$2:$W$1001,$W5,Clean_Data!$V$2:$V$1001,1)-1))),"")) -> 1.1848048 | AN5: =IF($AM5="","",IF($AM5>=Lookups!$K$6,"High spike",IF($AM5<=-Lookups!$K$6,"Unusual low","Normal"))) -> Normal | AO5: =IF($V5<>1,"",$P5+ROW()/100000) -> 13.00005 | AP5: =IF($A5="","",IFERROR(MATCH($A5,Raw_D1!$A$2:$A$1001,0),"")) -> 4 | AQ5: =IF($A5="","",IFERROR(MATCH($A5,Raw_D2!$B$2:$B$1001,0),"")) -> 4 | AR5: =IF($A5="","",IFERROR(MATCH($A5,Raw_D3!$A$2:$A$1001,0),""))
A6: 5 | B6: =IF($A6="","",IF($AP6<>"",INDEX(Raw_D1!$B$2:$B$1001,$AP6),IF($AR6<>"",INDEX(Raw_D3!$B$2:$B$1001,$AR6),""))) -> 40544 | C6: =IF($A6="","",IF($AP6<>"",INDEX(Raw_D1!$C$2:$C$1001,$AP6),IF($AR6<>"",INDEX(Raw_D3!$C$2:$C$1001,$AR6),""))) -> 1 | D6: =IF($A6="","",IF($AP6<>"",INDEX(Raw_D1!$D$2:$D$1001,$AP6),IF($AR6<>"",INDEX(Raw_D3!$D$2:$D$1001,$AR6),""))) -> 0 | E6: =IF($A6="","",IF($AP6<>"",INDEX(Raw_D1!$E$2:$E$1001,$AP6),IF($AR6<>"",INDEX(Raw_D3!$E$2:$E$1001,$AR6),""))) -> 1 | F6: =IF($A6="","",IF($AP6<>"",INDEX(Raw_D1!$F$2:$F$1001,$AP6),IF($AR6<>"",INDEX(Raw_D3!$F$2:$F$1001,$AR6),""))) -> 4 | G6: =IF($A6="","",IF($AP6<>"",IF(INDEX(Raw_D1!$G$2:$G$1001,$AP6),1,0),IF($AR6<>"",IF(INDEX(Raw_D3!$G$2:$G$1001,$AR6),1,0),""))) -> 0 | H6: =IF($A6="","",IF($AP6<>"",INDEX(Raw_D1!$H$2:$H$1001,$AP6),IF($AR6<>"",INDEX(Raw_D3!$H$2:$H$1001,$AR6),""))) -> 6 | I6: =IF($A6="","",IF($AP6<>"",INDEX(Raw_D1!$I$2:$I$1001,$AP6),IF($AR6<>"",INDEX(Raw_D3!$I$2:$I$1001,$AR6),""))) -> 1 | J6: =IF($A6="","",IF($AP6<>"",INDEX(Raw_D1!$J$2:$J$1001,$AP6),IF($AR6<>"",INDEX(Raw_D3!$J$2:$J$1001,$AR6),""))) -> 0.24 | K6: =IF($A6="","",IF($AQ6<>"",IF(INDEX(Raw_D2!$C$2:$C$1001,$AQ6)="","",INDEX(Raw_D2!$C$2:$C$1001,$AQ6)),IF($AR6<>"",IF(INDEX(Raw_D3!$K$2:$K$1001,$AR6)="","",INDEX(Raw_D3!$K$2:$K$1001,$AR6)),""))) -> 0.2879 | L6: =IF($A6="","",IF($AQ6<>"",IF(INDEX(Raw_D2!$D$2:$D$1001,$AQ6)="","",INDEX(Raw_D2!$D$2:$D$1001,$AQ6)),IF($AR6<>"",IF(INDEX(Raw_D3!$L$2:$L$1001,$AR6)="","",INDEX(Raw_D3!$L$2:$L$1001,$AR6)),""))) -> 0.75 | M6: =IF($A6="","",IF($AQ6<>"",IF(INDEX(Raw_D2!$E$2:$E$1001,$AQ6)="","",INDEX(Raw_D2!$E$2:$E$1001,$AQ6)),IF($AR6<>"",IF(INDEX(Raw_D3!$M$2:$M$1001,$AR6)="","",INDEX(Raw_D3!$M$2:$M$1001,$AR6)),""))) -> 0 | N6: =IF($A6="","",IF($AQ6<>"",IF(INDEX(Raw_D2!$F$2:$F$1001,$AQ6)="","",INDEX(Raw_D2!$F$2:$F$1001,$AQ6)),IF($AR6<>"",IF(INDEX(Raw_D3!$N$2:$N$1001,$AR6)="","",INDEX(Raw_D3!$N$2:$N$1001,$AR6)),""))) -> 0 | O6: =IF($A6="","",IF($AQ6<>"",IF(INDEX(Raw_D2!$G$2:$G$1001,$AQ6)="","",INDEX(Raw_D2!$G$2:$G$1001,$AQ6)),IF($AR6<>"",IF(INDEX(Raw_D3!$O$2:$O$1001,$AR6)="","",INDEX(Raw_D3!$O$2:$O$1001,$AR6)),""))) -> 1 | P6: =IF($A6="","",IF($AQ6<>"",IF(INDEX(Raw_D2!$H$2:$H$1001,$AQ6)="","",INDEX(Raw_D2!$H$2:$H$1001,$AQ6)),IF($AR6<>"",IF(INDEX(Raw_D3!$P$2:$P$1001,$AR6)="","",INDEX(Raw_D3!$P$2:$P$1001,$AR6)),""))) -> 1 | Q6: =IF($A6="","",IF(AND($AP6<>"",$AQ6<>""),"D1+D2",IF($AR6<>"","D3","Incomplete"))) -> D1+D2 | R6: =IF($A6="","",IF($K6="",IF($J6="","",ROUND(Lookups!$K$5+Lookups!$K$4*$J6,4)),$K6)) -> 0.2879 | S6: =IF($A6="","",IF($K6="","Imputed","Original")) -> Original | T6: =IF($A6="","",IF($P6="","Missing",IF($P6=$N6+$O6,"OK","Mismatch"))) -> OK | U6: =IF($A6="","",IF(COUNTIF($A$2:$A6,$A6)>1,"Duplicate","Unique")) -> Unique | V6: =IF($A6="","",IF(AND($U6="Unique",ISNUMBER($P6)),1,0)) -> 1 | W6: =IF($A6="","",IF(OR($H6=0,$H6=6),"Weekend","Weekday")) -> Weekend | X6: =IF($A6="","",TEXT($B6,"ddd")) -> Sat | Y6: =IF($A6="","",TEXT($B6,"mmm")) -> Jan | Z6: =IF($A6="","",IFERROR(VLOOKUP($C6,Lookups!$D$4:$E$7,2,FALSE),"Unknown")) -> Winter | AA6: =IF($A6="","",IFERROR(VLOOKUP($I6,Lookups!$A$4:$B$7,2,FALSE),"Unknown")) -> Clear | AB6: =IF($A6="","",TEXT($F6,"00")&":00") -> 04:00 | AC6: =IF($A6="","",VLOOKUP($F6,Lookups!$G$4:$H$8,2,TRUE)) -> Night (00-05) | AD6: =IF($A6="","",IF($J6="","",ROUND($J6*41,1))) -> 9.8 | AE6: =IF($A6="","",IF($R6="","",ROUND($R6*50,1))) -> 14.4 | AF6: =IF($A6="","",IF($L6="","",ROUND($L6*100,0))) -> 75 | AG6: =IF($A6="","",IF($M6="","",ROUND($M6*67,1))) -> 0 | AH6: =IF($A6="","",IF($P6="","",IF($P6=0,0,$O6/$P6))) -> 1 | AI6: =IF($A6="","",IF($P6="","",IF($P6>=Lookups!$K$7,"High",IF($P6<=Lookups!$K$8,"Low","Medium")))) -> Low | AJ6: =IF($A6="","",IF($AD6="","",IF($AD6<5,"Under 5 C",IF($AD6<10,"5-10 C",IF($AD6<15,"10-15 C","15 C and above"))))) -> 5-10 C | AK6: =IF($A6="","",IF($P6="","",$P6^2)) -> 1 | AL6: =IF($V6<>1,"",AVERAGEIFS(Clean_Data!$P$2:$P$1001,Clean_Data!$F$2:$F$1001,$F6,Clean_Data!$W$2:$W$1001,$W6,Clean_Data!$V$2:$V$1001,1)) -> 2.6923077 | AM6: =IF($V6<>1,"",IFERROR(($P6-$AL6)/SQRT(MAX(0,(SUMIFS(Clean_Data!$AK$2:$AK$1001,Clean_Data!$F$2:$F$1001,$F6,Clean_Data!$W$2:$W$1001,$W6,Clean_Data!$V$2:$V$1001,1)-COUNTIFS(Clean_Data!$F$2:$F$1001,$F6,Clean_Data!$W$2:$W$1001,$W6,Clean_Data!$V$2:$V$1001,1)*$AL6^2)/(COUNTIFS(Clean_Data!$F$2:$F$1001,$F6,Clean_Data!$W$2:$W$1001,$W6,Clean_Data!$V$2:$V$1001,1)-1))),"")) -> -0.82275335 | AN6: =IF($AM6="","",IF($AM6>=Lookups!$K$6,"High spike",IF($AM6<=-Lookups!$K$6,"Unusual low","Normal"))) -> Normal | AO6: =IF($V6<>1,"",$P6+ROW()/100000) -> 1.00006 | AP6: =IF($A6="","",IFERROR(MATCH($A6,Raw_D1!$A$2:$A$1001,0),"")) -> 5 | AQ6: =IF($A6="","",IFERROR(MATCH($A6,Raw_D2!$B$2:$B$1001,0),"")) -> 5 | AR6: =IF($A6="","",IFERROR(MATCH($A6,Raw_D3!$A$2:$A$1001,0),""))
A7: 6 | B7: =IF($A7="","",IF($AP7<>"",INDEX(Raw_D1!$B$2:$B$1001,$AP7),IF($AR7<>"",INDEX(Raw_D3!$B$2:$B$1001,$AR7),""))) -> 40544 | C7: =IF($A7="","",IF($AP7<>"",INDEX(Raw_D1!$C$2:$C$1001,$AP7),IF($AR7<>"",INDEX(Raw_D3!$C$2:$C$1001,$AR7),""))) -> 1 | D7: =IF($A7="","",IF($AP7<>"",INDEX(Raw_D1!$D$2:$D$1001,$AP7),IF($AR7<>"",INDEX(Raw_D3!$D$2:$D$1001,$AR7),""))) -> 0 | E7: =IF($A7="","",IF($AP7<>"",INDEX(Raw_D1!$E$2:$E$1001,$AP7),IF($AR7<>"",INDEX(Raw_D3!$E$2:$E$1001,$AR7),""))) -> 1 | F7: =IF($A7="","",IF($AP7<>"",INDEX(Raw_D1!$F$2:$F$1001,$AP7),IF($AR7<>"",INDEX(Raw_D3!$F$2:$F$1001,$AR7),""))) -> 5 | G7: =IF($A7="","",IF($AP7<>"",IF(INDEX(Raw_D1!$G$2:$G$1001,$AP7),1,0),IF($AR7<>"",IF(INDEX(Raw_D3!$G$2:$G$1001,$AR7),1,0),""))) -> 0 | H7: =IF($A7="","",IF($AP7<>"",INDEX(Raw_D1!$H$2:$H$1001,$AP7),IF($AR7<>"",INDEX(Raw_D3!$H$2:$H$1001,$AR7),""))) -> 6 | I7: =IF($A7="","",IF($AP7<>"",INDEX(Raw_D1!$I$2:$I$1001,$AP7),IF($AR7<>"",INDEX(Raw_D3!$I$2:$I$1001,$AR7),""))) -> 2 | J7: =IF($A7="","",IF($AP7<>"",INDEX(Raw_D1!$J$2:$J$1001,$AP7),IF($AR7<>"",INDEX(Raw_D3!$J$2:$J$1001,$AR7),""))) -> 0.24 | K7: =IF($A7="","",IF($AQ7<>"",IF(INDEX(Raw_D2!$C$2:$C$1001,$AQ7)="","",INDEX(Raw_D2!$C$2:$C$1001,$AQ7)),IF($AR7<>"",IF(INDEX(Raw_D3!$K$2:$K$1001,$AR7)="","",INDEX(Raw_D3!$K$2:$K$1001,$AR7)),""))) -> 0.2576 | L7: =IF($A7="","",IF($AQ7<>"",IF(INDEX(Raw_D2!$D$2:$D$1001,$AQ7)="","",INDEX(Raw_D2!$D$2:$D$1001,$AQ7)),IF($AR7<>"",IF(INDEX(Raw_D3!$L$2:$L$1001,$AR7)="","",INDEX(Raw_D3!$L$2:$L$1001,$AR7)),""))) -> 0.75 | M7: =IF($A7="","",IF($AQ7<>"",IF(INDEX(Raw_D2!$E$2:$E$1001,$AQ7)="","",INDEX(Raw_D2!$E$2:$E$1001,$AQ7)),IF($AR7<>"",IF(INDEX(Raw_D3!$M$2:$M$1001,$AR7)="","",INDEX(Raw_D3!$M$2:$M$1001,$AR7)),""))) -> 0.0896 | N7: =IF($A7="","",IF($AQ7<>"",IF(INDEX(Raw_D2!$F$2:$F$1001,$AQ7)="","",INDEX(Raw_D2!$F$2:$F$1001,$AQ7)),IF($AR7<>"",IF(INDEX(Raw_D3!$N$2:$N$1001,$AR7)="","",INDEX(Raw_D3!$N$2:$N$1001,$AR7)),""))) -> 0 | O7: =IF($A7="","",IF($AQ7<>"",IF(INDEX(Raw_D2!$G$2:$G$1001,$AQ7)="","",INDEX(Raw_D2!$G$2:$G$1001,$AQ7)),IF($AR7<>"",IF(INDEX(Raw_D3!$O$2:$O$1001,$AR7)="","",INDEX(Raw_D3!$O$2:$O$1001,$AR7)),""))) -> 1 | P7: =IF($A7="","",IF($AQ7<>"",IF(INDEX(Raw_D2!$H$2:$H$1001,$AQ7)="","",INDEX(Raw_D2!$H$2:$H$1001,$AQ7)),IF($AR7<>"",IF(INDEX(Raw_D3!$P$2:$P$1001,$AR7)="","",INDEX(Raw_D3!$P$2:$P$1001,$AR7)),""))) -> 1 | Q7: =IF($A7="","",IF(AND($AP7<>"",$AQ7<>""),"D1+D2",IF($AR7<>"","D3","Incomplete"))) -> D1+D2 | R7: =IF($A7="","",IF($K7="",IF($J7="","",ROUND(Lookups!$K$5+Lookups!$K$4*$J7,4)),$K7)) -> 0.2576 | S7: =IF($A7="","",IF($K7="","Imputed","Original")) -> Original | T7: =IF($A7="","",IF($P7="","Missing",IF($P7=$N7+$O7,"OK","Mismatch"))) -> OK | U7: =IF($A7="","",IF(COUNTIF($A$2:$A7,$A7)>1,"Duplicate","Unique")) -> Unique | V7: =IF($A7="","",IF(AND($U7="Unique",ISNUMBER($P7)),1,0)) -> 1 | W7: =IF($A7="","",IF(OR($H7=0,$H7=6),"Weekend","Weekday")) -> Weekend | X7: =IF($A7="","",TEXT($B7,"ddd")) -> Sat | Y7: =IF($A7="","",TEXT($B7,"mmm")) -> Jan | Z7: =IF($A7="","",IFERROR(VLOOKUP($C7,Lookups!$D$4:$E$7,2,FALSE),"Unknown")) -> Winter | AA7: =IF($A7="","",IFERROR(VLOOKUP($I7,Lookups!$A$4:$B$7,2,FALSE),"Unknown")) -> Mist/Cloudy | AB7: =IF($A7="","",TEXT($F7,"00")&":00") -> 05:00 | AC7: =IF($A7="","",VLOOKUP($F7,Lookups!$G$4:$H$8,2,TRUE)) -> Night (00-05) | AD7: =IF($A7="","",IF($J7="","",ROUND($J7*41,1))) -> 9.8 | AE7: =IF($A7="","",IF($R7="","",ROUND($R7*50,1))) -> 12.9 | AF7: =IF($A7="","",IF($L7="","",ROUND($L7*100,0))) -> 75 | AG7: =IF($A7="","",IF($M7="","",ROUND($M7*67,1))) -> 6 | AH7: =IF($A7="","",IF($P7="","",IF($P7=0,0,$O7/$P7))) -> 1 | AI7: =IF($A7="","",IF($P7="","",IF($P7>=Lookups!$K$7,"High",IF($P7<=Lookups!$K$8,"Low","Medium")))) -> Low | AJ7: =IF($A7="","",IF($AD7="","",IF($AD7<5,"Under 5 C",IF($AD7<10,"5-10 C",IF($AD7<15,"10-15 C","15 C and above"))))) -> 5-10 C | AK7: =IF($A7="","",IF($P7="","",$P7^2)) -> 1 | AL7: =IF($V7<>1,"",AVERAGEIFS(Clean_Data!$P$2:$P$1001,Clean_Data!$F$2:$F$1001,$F7,Clean_Data!$W$2:$W$1001,$W7,Clean_Data!$V$2:$V$1001,1)) -> 2.7 | AM7: =IF($V7<>1,"",IFERROR(($P7-$AL7)/SQRT(MAX(0,(SUMIFS(Clean_Data!$AK$2:$AK$1001,Clean_Data!$F$2:$F$1001,$F7,Clean_Data!$W$2:$W$1001,$W7,Clean_Data!$V$2:$V$1001,1)-COUNTIFS(Clean_Data!$F$2:$F$1001,$F7,Clean_Data!$W$2:$W$1001,$W7,Clean_Data!$V$2:$V$1001,1)*$AL7^2)/(COUNTIFS(Clean_Data!$F$2:$F$1001,$F7,Clean_Data!$W$2:$W$1001,$W7,Clean_Data!$V$2:$V$1001,1)-1))),"")) -> -0.65785918 | AN7: =IF($AM7="","",IF($AM7>=Lookups!$K$6,"High spike",IF($AM7<=-Lookups!$K$6,"Unusual low","Normal"))) -> Normal | AO7: =IF($V7<>1,"",$P7+ROW()/100000) -> 1.00007 | AP7: =IF($A7="","",IFERROR(MATCH($A7,Raw_D1!$A$2:$A$1001,0),"")) -> 6 | AQ7: =IF($A7="","",IFERROR(MATCH($A7,Raw_D2!$B$2:$B$1001,0),"")) -> 6 | AR7: =IF($A7="","",IFERROR(MATCH($A7,Raw_D3!$A$2:$A$1001,0),""))
A8: 7 | B8: =IF($A8="","",IF($AP8<>"",INDEX(Raw_D1!$B$2:$B$1001,$AP8),IF($AR8<>"",INDEX(Raw_D3!$B$2:$B$1001,$AR8),""))) -> 40544 | C8: =IF($A8="","",IF($AP8<>"",INDEX(Raw_D1!$C$2:$C$1001,$AP8),IF($AR8<>"",INDEX(Raw_D3!$C$2:$C$1001,$AR8),""))) -> 1 | D8: =IF($A8="","",IF($AP8<>"",INDEX(Raw_D1!$D$2:$D$1001,$AP8),IF($AR8<>"",INDEX(Raw_D3!$D$2:$D$1001,$AR8),""))) -> 0 | E8: =IF($A8="","",IF($AP8<>"",INDEX(Raw_D1!$E$2:$E$1001,$AP8),IF($AR8<>"",INDEX(Raw_D3!$E$2:$E$1001,$AR8),""))) -> 1 | F8: =IF($A8="","",IF($AP8<>"",INDEX(Raw_D1!$F$2:$F$1001,$AP8),IF($AR8<>"",INDEX(Raw_D3!$F$2:$F$1001,$AR8),""))) -> 6 | G8: =IF($A8="","",IF($AP8<>"",IF(INDEX(Raw_D1!$G$2:$G$1001,$AP8),1,0),IF($AR8<>"",IF(INDEX(Raw_D3!$G$2:$G$1001,$AR8),1,0),""))) -> 0 | H8: =IF($A8="","",IF($AP8<>"",INDEX(Raw_D1!$H$2:$H$1001,$AP8),IF($AR8<>"",INDEX(Raw_D3!$H$2:$H$1001,$AR8),""))) -> 6 | I8: =IF($A8="","",IF($AP8<>"",INDEX(Raw_D1!$I$2:$I$1001,$AP8),IF($AR8<>"",INDEX(Raw_D3!$I$2:$I$1001,$AR8),""))) -> 1 | J8: =IF($A8="","",IF($AP8<>"",INDEX(Raw_D1!$J$2:$J$1001,$AP8),IF($AR8<>"",INDEX(Raw_D3!$J$2:$J$1001,$AR8),""))) -> 0.22 | K8: =IF($A8="","",IF($AQ8<>"",IF(INDEX(Raw_D2!$C$2:$C$1001,$AQ8)="","",INDEX(Raw_D2!$C$2:$C$1001,$AQ8)),IF($AR8<>"",IF(INDEX(Raw_D3!$K$2:$K$1001,$AR8)="","",INDEX(Raw_D3!$K$2:$K$1001,$AR8)),""))) -> 0.2727 | L8: =IF($A8="","",IF($AQ8<>"",IF(INDEX(Raw_D2!$D$2:$D$1001,$AQ8)="","",INDEX(Raw_D2!$D$2:$D$1001,$AQ8)),IF($AR8<>"",IF(INDEX(Raw_D3!$L$2:$L$1001,$AR8)="","",INDEX(Raw_D3!$L$2:$L$1001,$AR8)),""))) -> 0.8 | M8: =IF($A8="","",IF($AQ8<>"",IF(INDEX(Raw_D2!$E$2:$E$1001,$AQ8)="","",INDEX(Raw_D2!$E$2:$E$1001,$AQ8)),IF($AR8<>"",IF(INDEX(Raw_D3!$M$2:$M$1001,$AR8)="","",INDEX(Raw_D3!$M$2:$M$1001,$AR8)),""))) -> 0 | N8: =IF($A8="","",IF($AQ8<>"",IF(INDEX(Raw_D2!$F$2:$F$1001,$AQ8)="","",INDEX(Raw_D2!$F$2:$F$1001,$AQ8)),IF($AR8<>"",IF(INDEX(Raw_D3!$N$2:$N$1001,$AR8)="","",INDEX(Raw_D3!$N$2:$N$1001,$AR8)),""))) -> 2 | O8: =IF($A8="","",IF($AQ8<>"",IF(INDEX(Raw_D2!$G$2:$G$1001,$AQ8)="","",INDEX(Raw_D2!$G$2:$G$1001,$AQ8)),IF($AR8<>"",IF(INDEX(Raw_D3!$O$2:$O$1001,$AR8)="","",INDEX(Raw_D3!$O$2:$O$1001,$AR8)),""))) -> 0 | P8: =IF($A8="","",IF($AQ8<>"",IF(INDEX(Raw_D2!$H$2:$H$1001,$AQ8)="","",INDEX(Raw_D2!$H$2:$H$1001,$AQ8)),IF($AR8<>"",IF(INDEX(Raw_D3!$P$2:$P$1001,$AR8)="","",INDEX(Raw_D3!$P$2:$P$1001,$AR8)),""))) -> 2 | Q8: =IF($A8="","",IF(AND($AP8<>"",$AQ8<>""),"D1+D2",IF($AR8<>"","D3","Incomplete"))) -> D1+D2 | R8: =IF($A8="","",IF($K8="",IF($J8="","",ROUND(Lookups!$K$5+Lookups!$K$4*$J8,4)),$K8)) -> 0.2727 | S8: =IF($A8="","",IF($K8="","Imputed","Original")) -> Original | T8: =IF($A8="","",IF($P8="","Missing",IF($P8=$N8+$O8,"OK","Mismatch"))) -> OK | U8: =IF($A8="","",IF(COUNTIF($A$2:$A8,$A8)>1,"Duplicate","Unique")) -> Unique | V8: =IF($A8="","",IF(AND($U8="Unique",ISNUMBER($P8)),1,0)) -> 1 | W8: =IF($A8="","",IF(OR($H8=0,$H8=6),"Weekend","Weekday")) -> Weekend | X8: =IF($A8="","",TEXT($B8,"ddd")) -> Sat | Y8: =IF($A8="","",TEXT($B8,"mmm")) -> Jan | Z8: =IF($A8="","",IFERROR(VLOOKUP($C8,Lookups!$D$4:$E$7,2,FALSE),"Unknown")) -> Winter | AA8: =IF($A8="","",IFERROR(VLOOKUP($I8,Lookups!$A$4:$B$7,2,FALSE),"Unknown")) -> Clear | AB8: =IF($A8="","",TEXT($F8,"00")&":00") -> 06:00 | AC8: =IF($A8="","",VLOOKUP($F8,Lookups!$G$4:$H$8,2,TRUE)) -> Morning Peak (06-09) | AD8: =IF($A8="","",IF($J8="","",ROUND($J8*41,1))) -> 9 | AE8: =IF($A8="","",IF($R8="","",ROUND($R8*50,1))) -> 13.6 | AF8: =IF($A8="","",IF($L8="","",ROUND($L8*100,0))) -> 80 | AG8: =IF($A8="","",IF($M8="","",ROUND($M8*67,1))) -> 0 | AH8: =IF($A8="","",IF($P8="","",IF($P8=0,0,$O8/$P8))) -> 0 | AI8: =IF($A8="","",IF($P8="","",IF($P8>=Lookups!$K$7,"High",IF($P8<=Lookups!$K$8,"Low","Medium")))) -> Low | AJ8: =IF($A8="","",IF($AD8="","",IF($AD8<5,"Under 5 C",IF($AD8<10,"5-10 C",IF($AD8<15,"10-15 C","15 C and above"))))) -> 5-10 C | AK8: =IF($A8="","",IF($P8="","",$P8^2)) -> 4 | AL8: =IF($V8<>1,"",AVERAGEIFS(Clean_Data!$P$2:$P$1001,Clean_Data!$F$2:$F$1001,$F8,Clean_Data!$W$2:$W$1001,$W8,Clean_Data!$V$2:$V$1001,1)) -> 2.1538462 | AM8: =IF($V8<>1,"",IFERROR(($P8-$AL8)/SQRT(MAX(0,(SUMIFS(Clean_Data!$AK$2:$AK$1001,Clean_Data!$F$2:$F$1001,$F8,Clean_Data!$W$2:$W$1001,$W8,Clean_Data!$V$2:$V$1001,1)-COUNTIFS(Clean_Data!$F$2:$F$1001,$F8,Clean_Data!$W$2:$W$1001,$W8,Clean_Data!$V$2:$V$1001,1)*$AL8^2)/(COUNTIFS(Clean_Data!$F$2:$F$1001,$F8,Clean_Data!$W$2:$W$1001,$W8,Clean_Data!$V$2:$V$1001,1)-1))),"")) -> -0.12670245 | AN8: =IF($AM8="","",IF($AM8>=Lookups!$K$6,"High spike",IF($AM8<=-Lookups!$K$6,"Unusual low","Normal"))) -> Normal | AO8: =IF($V8<>1,"",$P8+ROW()/100000) -> 2.00008 | AP8: =IF($A8="","",IFERROR(MATCH($A8,Raw_D1!$A$2:$A$1001,0),"")) -> 7 | AQ8: =IF($A8="","",IFERROR(MATCH($A8,Raw_D2!$B$2:$B$1001,0),"")) -> 7 | AR8: =IF($A8="","",IFERROR(MATCH($A8,Raw_D3!$A$2:$A$1001,0),""))
A9: 8 | B9: =IF($A9="","",IF($AP9<>"",INDEX(Raw_D1!$B$2:$B$1001,$AP9),IF($AR9<>"",INDEX(Raw_D3!$B$2:$B$1001,$AR9),""))) -> 40544 | C9: =IF($A9="","",IF($AP9<>"",INDEX(Raw_D1!$C$2:$C$1001,$AP9),IF($AR9<>"",INDEX(Raw_D3!$C$2:$C$1001,$AR9),""))) -> 1 | D9: =IF($A9="","",IF($AP9<>"",INDEX(Raw_D1!$D$2:$D$1001,$AP9),IF($AR9<>"",INDEX(Raw_D3!$D$2:$D$1001,$AR9),""))) -> 0 | E9: =IF($A9="","",IF($AP9<>"",INDEX(Raw_D1!$E$2:$E$1001,$AP9),IF($AR9<>"",INDEX(Raw_D3!$E$2:$E$1001,$AR9),""))) -> 1 | F9: =IF($A9="","",IF($AP9<>"",INDEX(Raw_D1!$F$2:$F$1001,$AP9),IF($AR9<>"",INDEX(Raw_D3!$F$2:$F$1001,$AR9),""))) -> 7 | G9: =IF($A9="","",IF($AP9<>"",IF(INDEX(Raw_D1!$G$2:$G$1001,$AP9),1,0),IF($AR9<>"",IF(INDEX(Raw_D3!$G$2:$G$1001,$AR9),1,0),""))) -> 0 | H9: =IF($A9="","",IF($AP9<>"",INDEX(Raw_D1!$H$2:$H$1001,$AP9),IF($AR9<>"",INDEX(Raw_D3!$H$2:$H$1001,$AR9),""))) -> 6 | I9: =IF($A9="","",IF($AP9<>"",INDEX(Raw_D1!$I$2:$I$1001,$AP9),IF($AR9<>"",INDEX(Raw_D3!$I$2:$I$1001,$AR9),""))) -> 1 | J9: =IF($A9="","",IF($AP9<>"",INDEX(Raw_D1!$J$2:$J$1001,$AP9),IF($AR9<>"",INDEX(Raw_D3!$J$2:$J$1001,$AR9),""))) -> 0.2 | K9: =IF($A9="","",IF($AQ9<>"",IF(INDEX(Raw_D2!$C$2:$C$1001,$AQ9)="","",INDEX(Raw_D2!$C$2:$C$1001,$AQ9)),IF($AR9<>"",IF(INDEX(Raw_D3!$K$2:$K$1001,$AR9)="","",INDEX(Raw_D3!$K$2:$K$1001,$AR9)),""))) -> 0.2576 | L9: =IF($A9="","",IF($AQ9<>"",IF(INDEX(Raw_D2!$D$2:$D$1001,$AQ9)="","",INDEX(Raw_D2!$D$2:$D$1001,$AQ9)),IF($AR9<>"",IF(INDEX(Raw_D3!$L$2:$L$1001,$AR9)="","",INDEX(Raw_D3!$L$2:$L$1001,$AR9)),""))) -> 0.86 | M9: =IF($A9="","",IF($AQ9<>"",IF(INDEX(Raw_D2!$E$2:$E$1001,$AQ9)="","",INDEX(Raw_D2!$E$2:$E$1001,$AQ9)),IF($AR9<>"",IF(INDEX(Raw_D3!$M$2:$M$1001,$AR9)="","",INDEX(Raw_D3!$M$2:$M$1001,$AR9)),""))) -> 0 | N9: =IF($A9="","",IF($AQ9<>"",IF(INDEX(Raw_D2!$F$2:$F$1001,$AQ9)="","",INDEX(Raw_D2!$F$2:$F$1001,$AQ9)),IF($AR9<>"",IF(INDEX(Raw_D3!$N$2:$N$1001,$AR9)="","",INDEX(Raw_D3!$N$2:$N$1001,$AR9)),""))) -> 1 | O9: =IF($A9="","",IF($AQ9<>"",IF(INDEX(Raw_D2!$G$2:$G$1001,$AQ9)="","",INDEX(Raw_D2!$G$2:$G$1001,$AQ9)),IF($AR9<>"",IF(INDEX(Raw_D3!$O$2:$O$1001,$AR9)="","",INDEX(Raw_D3!$O$2:$O$1001,$AR9)),""))) -> 2 | P9: =IF($A9="","",IF($AQ9<>"",IF(INDEX(Raw_D2!$H$2:$H$1001,$AQ9)="","",INDEX(Raw_D2!$H$2:$H$1001,$AQ9)),IF($AR9<>"",IF(INDEX(Raw_D3!$P$2:$P$1001,$AR9)="","",INDEX(Raw_D3!$P$2:$P$1001,$AR9)),""))) -> 3 | Q9: =IF($A9="","",IF(AND($AP9<>"",$AQ9<>""),"D1+D2",IF($AR9<>"","D3","Incomplete"))) -> D1+D2 | R9: =IF($A9="","",IF($K9="",IF($J9="","",ROUND(Lookups!$K$5+Lookups!$K$4*$J9,4)),$K9)) -> 0.2576 | S9: =IF($A9="","",IF($K9="","Imputed","Original")) -> Original | T9: =IF($A9="","",IF($P9="","Missing",IF($P9=$N9+$O9,"OK","Mismatch"))) -> OK | U9: =IF($A9="","",IF(COUNTIF($A$2:$A9,$A9)>1,"Duplicate","Unique")) -> Unique | V9: =IF($A9="","",IF(AND($U9="Unique",ISNUMBER($P9)),1,0)) -> 1 | W9: =IF($A9="","",IF(OR($H9=0,$H9=6),"Weekend","Weekday")) -> Weekend | X9: =IF($A9="","",TEXT($B9,"ddd")) -> Sat | Y9: =IF($A9="","",TEXT($B9,"mmm")) -> Jan | Z9: =IF($A9="","",IFERROR(VLOOKUP($C9,Lookups!$D$4:$E$7,2,FALSE),"Unknown")) -> Winter | AA9: =IF($A9="","",IFERROR(VLOOKUP($I9,Lookups!$A$4:$B$7,2,FALSE),"Unknown")) -> Clear | AB9: =IF($A9="","",TEXT($F9,"00")&":00") -> 07:00 | AC9: =IF($A9="","",VLOOKUP($F9,Lookups!$G$4:$H$8,2,TRUE)) -> Morning Peak (06-09) | AD9: =IF($A9="","",IF($J9="","",ROUND($J9*41,1))) -> 8.2 | AE9: =IF($A9="","",IF($R9="","",ROUND($R9*50,1))) -> 12.9 | AF9: =IF($A9="","",IF($L9="","",ROUND($L9*100,0))) -> 86 | AG9: =IF($A9="","",IF($M9="","",ROUND($M9*67,1))) -> 0 | AH9: =IF($A9="","",IF($P9="","",IF($P9=0,0,$O9/$P9))) -> 0.66666667 | AI9: =IF($A9="","",IF($P9="","",IF($P9>=Lookups!$K$7,"High",IF($P9<=Lookups!$K$8,"Low","Medium")))) -> Low | AJ9: =IF($A9="","",IF($AD9="","",IF($AD9<5,"Under 5 C",IF($AD9<10,"5-10 C",IF($AD9<15,"10-15 C","15 C and above"))))) -> 5-10 C | AK9: =IF($A9="","",IF($P9="","",$P9^2)) -> 9 | AL9: =IF($V9<>1,"",AVERAGEIFS(Clean_Data!$P$2:$P$1001,Clean_Data!$F$2:$F$1001,$F9,Clean_Data!$W$2:$W$1001,$W9,Clean_Data!$V$2:$V$1001,1)) -> 5.4285714 | AM9: =IF($V9<>1,"",IFERROR(($P9-$AL9)/SQRT(MAX(0,(SUMIFS(Clean_Data!$AK$2:$AK$1001,Clean_Data!$F$2:$F$1001,$F9,Clean_Data!$W$2:$W$1001,$W9,Clean_Data!$V$2:$V$1001,1)-COUNTIFS(Clean_Data!$F$2:$F$1001,$F9,Clean_Data!$W$2:$W$1001,$W9,Clean_Data!$V$2:$V$1001,1)*$AL9^2)/(COUNTIFS(Clean_Data!$F$2:$F$1001,$F9,Clean_Data!$W$2:$W$1001,$W9,Clean_Data!$V$2:$V$1001,1)-1))),"")) -> -0.75243226 | AN9: =IF($AM9="","",IF($AM9>=Lookups!$K$6,"High spike",IF($AM9<=-Lookups!$K$6,"Unusual low","Normal"))) -> Normal | AO9: =IF($V9<>1,"",$P9+ROW()/100000) -> 3.00009 | AP9: =IF($A9="","",IFERROR(MATCH($A9,Raw_D1!$A$2:$A$1001,0),"")) -> 8 | AQ9: =IF($A9="","",IFERROR(MATCH($A9,Raw_D2!$B$2:$B$1001,0),"")) -> 8 | AR9: =IF($A9="","",IFERROR(MATCH($A9,Raw_D3!$A$2:$A$1001,0),""))
A10: 9 | B10: =IF($A10="","",IF($AP10<>"",INDEX(Raw_D1!$B$2:$B$1001,$AP10),IF($AR10<>"",INDEX(Raw_D3!$B$2:$B$1001,$AR10),""))) -> 40544 | C10: =IF($A10="","",IF($AP10<>"",INDEX(Raw_D1!$C$2:$C$1001,$AP10),IF($AR10<>"",INDEX(Raw_D3!$C$2:$C$1001,$AR10),""))) -> 1 | D10: =IF($A10="","",IF($AP10<>"",INDEX(Raw_D1!$D$2:$D$1001,$AP10),IF($AR10<>"",INDEX(Raw_D3!$D$2:$D$1001,$AR10),""))) -> 0 | E10: =IF($A10="","",IF($AP10<>"",INDEX(Raw_D1!$E$2:$E$1001,$AP10),IF($AR10<>"",INDEX(Raw_D3!$E$2:$E$1001,$AR10),""))) -> 1 | F10: =IF($A10="","",IF($AP10<>"",INDEX(Raw_D1!$F$2:$F$1001,$AP10),IF($AR10<>"",INDEX(Raw_D3!$F$2:$F$1001,$AR10),""))) -> 8 | G10: =IF($A10="","",IF($AP10<>"",IF(INDEX(Raw_D1!$G$2:$G$1001,$AP10),1,0),IF($AR10<>"",IF(INDEX(Raw_D3!$G$2:$G$1001,$AR10),1,0),""))) -> 0 | H10: =IF($A10="","",IF($AP10<>"",INDEX(Raw_D1!$H$2:$H$1001,$AP10),IF($AR10<>"",INDEX(Raw_D3!$H$2:$H$1001,$AR10),""))) -> 6 | I10: =IF($A10="","",IF($AP10<>"",INDEX(Raw_D1!$I$2:$I$1001,$AP10),IF($AR10<>"",INDEX(Raw_D3!$I$2:$I$1001,$AR10),""))) -> 1 | J10: =IF($A10="","",IF($AP10<>"",INDEX(Raw_D1!$J$2:$J$1001,$AP10),IF($AR10<>"",INDEX(Raw_D3!$J$2:$J$1001,$AR10),""))) -> 0.24 | K10: =IF($A10="","",IF($AQ10<>"",IF(INDEX(Raw_D2!$C$2:$C$1001,$AQ10)="","",INDEX(Raw_D2!$C$2:$C$1001,$AQ10)),IF($AR10<>"",IF(INDEX(Raw_D3!$K$2:$K$1001,$AR10)="","",INDEX(Raw_D3!$K$2:$K$1001,$AR10)),""))) | L10: =IF($A10="","",IF($AQ10<>"",IF(INDEX(Raw_D2!$D$2:$D$1001,$AQ10)="","",INDEX(Raw_D2!$D$2:$D$1001,$AQ10)),IF($AR10<>"",IF(INDEX(Raw_D3!$L$2:$L$1001,$AR10)="","",INDEX(Raw_D3!$L$2:$L$1001,$AR10)),""))) -> 0.75 | M10: =IF($A10="","",IF($AQ10<>"",IF(INDEX(Raw_D2!$E$2:$E$1001,$AQ10)="","",INDEX(Raw_D2!$E$2:$E$1001,$AQ10)),IF($AR10<>"",IF(INDEX(Raw_D3!$M$2:$M$1001,$AR10)="","",INDEX(Raw_D3!$M$2:$M$1001,$AR10)),""))) -> 0 | N10: =IF($A10="","",IF($AQ10<>"",IF(INDEX(Raw_D2!$F$2:$F$1001,$AQ10)="","",INDEX(Raw_D2!$F$2:$F$1001,$AQ10)),IF($AR10<>"",IF(INDEX(Raw_D3!$N$2:$N$1001,$AR10)="","",INDEX(Raw_D3!$N$2:$N$1001,$AR10)),""))) -> 1 | O10: =IF($A10="","",IF($AQ10<>"",IF(INDEX(Raw_D2!$G$2:$G$1001,$AQ10)="","",INDEX(Raw_D2!$G$2:$G$1001,$AQ10)),IF($AR10<>"",IF(INDEX(Raw_D3!$O$2:$O$1001,$AR10)="","",INDEX(Raw_D3!$O$2:$O$1001,$AR10)),""))) -> 7 | P10: =IF($A10="","",IF($AQ10<>"",IF(INDEX(Raw_D2!$H$2:$H$1001,$AQ10)="","",INDEX(Raw_D2!$H$2:$H$1001,$AQ10)),IF($AR10<>"",IF(INDEX(Raw_D3!$P$2:$P$1001,$AR10)="","",INDEX(Raw_D3!$P$2:$P$1001,$AR10)),""))) -> 8 | Q10: =IF($A10="","",IF(AND($AP10<>"",$AQ10<>""),"D1+D2",IF($AR10<>"","D3","Incomplete"))) -> D1+D2 | R10: =IF($A10="","",IF($K10="",IF($J10="","",ROUND(Lookups!$K$5+Lookups!$K$4*$J10,4)),$K10)) -> 0.2444 | S10: =IF($A10="","",IF($K10="","Imputed","Original")) -> Imputed | T10: =IF($A10="","",IF($P10="","Missing",IF($P10=$N10+$O10,"OK","Mismatch"))) -> OK | U10: =IF($A10="","",IF(COUNTIF($A$2:$A10,$A10)>1,"Duplicate","Unique")) -> Unique | V10: =IF($A10="","",IF(AND($U10="Unique",ISNUMBER($P10)),1,0)) -> 1 | W10: =IF($A10="","",IF(OR($H10=0,$H10=6),"Weekend","Weekday")) -> Weekend | X10: =IF($A10="","",TEXT($B10,"ddd")) -> Sat | Y10: =IF($A10="","",TEXT($B10,"mmm")) -> Jan | Z10: =IF($A10="","",IFERROR(VLOOKUP($C10,Lookups!$D$4:$E$7,2,FALSE),"Unknown")) -> Winter | AA10: =IF($A10="","",IFERROR(VLOOKUP($I10,Lookups!$A$4:$B$7,2,FALSE),"Unknown")) -> Clear | AB10: =IF($A10="","",TEXT($F10,"00")&":00") -> 08:00 | AC10: =IF($A10="","",VLOOKUP($F10,Lookups!$G$4:$H$8,2,TRUE)) -> Morning Peak (06-09) | AD10: =IF($A10="","",IF($J10="","",ROUND($J10*41,1))) -> 9.8 | AE10: =IF($A10="","",IF($R10="","",ROUND($R10*50,1))) -> 12.2 | AF10: =IF($A10="","",IF($L10="","",ROUND($L10*100,0))) -> 75 | AG10: =IF($A10="","",IF($M10="","",ROUND($M10*67,1))) -> 0 | AH10: =IF($A10="","",IF($P10="","",IF($P10=0,0,$O10/$P10))) -> 0.875 | AI10: =IF($A10="","",IF($P10="","",IF($P10>=Lookups!$K$7,"High",IF($P10<=Lookups!$K$8,"Low","Medium")))) -> Low | AJ10: =IF($A10="","",IF($AD10="","",IF($AD10<5,"Under 5 C",IF($AD10<10,"5-10 C",IF($AD10<15,"10-15 C","15 C and above"))))) -> 5-10 C | AK10: =IF($A10="","",IF($P10="","",$P10^2)) -> 64 | AL10: =IF($V10<>1,"",AVERAGEIFS(Clean_Data!$P$2:$P$1001,Clean_Data!$F$2:$F$1001,$F10,Clean_Data!$W$2:$W$1001,$W10,Clean_Data!$V$2:$V$1001,1)) -> 17.785714 | AM10: =IF($V10<>1,"",IFERROR(($P10-$AL10)/SQRT(MAX(0,(SUMIFS(Clean_Data!$AK$2:$AK$1001,Clean_Data!$F$2:$F$1001,$F10,Clean_Data!$W$2:$W$1001,$W10,Clean_Data!$V$2:$V$1001,1)-COUNTIFS(Clean_Data!$F$2:$F$1001,$F10,Clean_Data!$W$2:$W$1001,$W10,Clean_Data!$V$2:$V$1001,1)*$AL10^2)/(COUNTIFS(Clean_Data!$F$2:$F$1001,$F10,Clean_Data!$W$2:$W$1001,$W10,Clean_Data!$V$2:$V$1001,1)-1))),"")) -> -1.1505826 | AN10: =IF($AM10="","",IF($AM10>=Lookups!$K$6,"High spike",IF($AM10<=-Lookups!$K$6,"Unusual low","Normal"))) -> Normal | AO10: =IF($V10<>1,"",$P10+ROW()/100000) -> 8.0001 | AP10: =IF($A10="","",IFERROR(MATCH($A10,Raw_D1!$A$2:$A$1001,0),"")) -> 9 | AQ10: =IF($A10="","",IFERROR(MATCH($A10,Raw_D2!$B$2:$B$1001,0),"")) -> 9 | AR10: =IF($A10="","",IFERROR(MATCH($A10,Raw_D3!$A$2:$A$1001,0),""))
A11: 10 | B11: =IF($A11="","",IF($AP11<>"",INDEX(Raw_D1!$B$2:$B$1001,$AP11),IF($AR11<>"",INDEX(Raw_D3!$B$2:$B$1001,$AR11),""))) -> 40544 | C11: =IF($A11="","",IF($AP11<>"",INDEX(Raw_D1!$C$2:$C$1001,$AP11),IF($AR11<>"",INDEX(Raw_D3!$C$2:$C$1001,$AR11),""))) -> 1 | D11: =IF($A11="","",IF($AP11<>"",INDEX(Raw_D1!$D$2:$D$1001,$AP11),IF($AR11<>"",INDEX(Raw_D3!$D$2:$D$1001,$AR11),""))) -> 0 | E11: =IF($A11="","",IF($AP11<>"",INDEX(Raw_D1!$E$2:$E$1001,$AP11),IF($AR11<>"",INDEX(Raw_D3!$E$2:$E$1001,$AR11),""))) -> 1 | F11: =IF($A11="","",IF($AP11<>"",INDEX(Raw_D1!$F$2:$F$1001,$AP11),IF($AR11<>"",INDEX(Raw_D3!$F$2:$F$1001,$AR11),""))) -> 9 | G11: =IF($A11="","",IF($AP11<>"",IF(INDEX(Raw_D1!$G$2:$G$1001,$AP11),1,0),IF($AR11<>"",IF(INDEX(Raw_D3!$G$2:$G$1001,$AR11),1,0),""))) -> 0 | H11: =IF($A11="","",IF($AP11<>"",INDEX(Raw_D1!$H$2:$H$1001,$AP11),IF($AR11<>"",INDEX(Raw_D3!$H$2:$H$1001,$AR11),""))) -> 6 | I11: =IF($A11="","",IF($AP11<>"",INDEX(Raw_D1!$I$2:$I$1001,$AP11),IF($AR11<>"",INDEX(Raw_D3!$I$2:$I$1001,$AR11),""))) -> 1 | J11: =IF($A11="","",IF($AP11<>"",INDEX(Raw_D1!$J$2:$J$1001,$AP11),IF($AR11<>"",INDEX(Raw_D3!$J$2:$J$1001,$AR11),""))) -> 0.32 | K11: =IF($A11="","",IF($AQ11<>"",IF(INDEX(Raw_D2!$C$2:$C$1001,$AQ11)="","",INDEX(Raw_D2!$C$2:$C$1001,$AQ11)),IF($AR11<>"",IF(INDEX(Raw_D3!$K$2:$K$1001,$AR11)="","",INDEX(Raw_D3!$K$2:$K$1001,$AR11)),""))) -> 0.3485 | L11: =IF($A11="","",IF($AQ11<>"",IF(INDEX(Raw_D2!$D$2:$D$1001,$AQ11)="","",INDEX(Raw_D2!$D$2:$D$1001,$AQ11)),IF($AR11<>"",IF(INDEX(Raw_D3!$L$2:$L$1001,$AR11)="","",INDEX(Raw_D3!$L$2:$L$1001,$AR11)),""))) -> 0.76 | M11: =IF($A11="","",IF($AQ11<>"",IF(INDEX(Raw_D2!$E$2:$E$1001,$AQ11)="","",INDEX(Raw_D2!$E$2:$E$1001,$AQ11)),IF($AR11<>"",IF(INDEX(Raw_D3!$M$2:$M$1001,$AR11)="","",INDEX(Raw_D3!$M$2:$M$1001,$AR11)),""))) -> 0 | N11: =IF($A11="","",IF($AQ11<>"",IF(INDEX(Raw_D2!$F$2:$F$1001,$AQ11)="","",INDEX(Raw_D2!$F$2:$F$1001,$AQ11)),IF($AR11<>"",IF(INDEX(Raw_D3!$N$2:$N$1001,$AR11)="","",INDEX(Raw_D3!$N$2:$N$1001,$AR11)),""))) -> 8 | O11: =IF($A11="","",IF($AQ11<>"",IF(INDEX(Raw_D2!$G$2:$G$1001,$AQ11)="","",INDEX(Raw_D2!$G$2:$G$1001,$AQ11)),IF($AR11<>"",IF(INDEX(Raw_D3!$O$2:$O$1001,$AR11)="","",INDEX(Raw_D3!$O$2:$O$1001,$AR11)),""))) -> 6 | P11: =IF($A11="","",IF($AQ11<>"",IF(INDEX(Raw_D2!$H$2:$H$1001,$AQ11)="","",INDEX(Raw_D2!$H$2:$H$1001,$AQ11)),IF($AR11<>"",IF(INDEX(Raw_D3!$P$2:$P$1001,$AR11)="","",INDEX(Raw_D3!$P$2:$P$1001,$AR11)),""))) -> 14 | Q11: =IF($A11="","",IF(AND($AP11<>"",$AQ11<>""),"D1+D2",IF($AR11<>"","D3","Incomplete"))) -> D1+D2 | R11: =IF($A11="","",IF($K11="",IF($J11="","",ROUND(Lookups!$K$5+Lookups!$K$4*$J11,4)),$K11)) -> 0.3485 | S11: =IF($A11="","",IF($K11="","Imputed","Original")) -> Original | T11: =IF($A11="","",IF($P11="","Missing",IF($P11=$N11+$O11,"OK","Mismatch"))) -> OK | U11: =IF($A11="","",IF(COUNTIF($A$2:$A11,$A11)>1,"Duplicate","Unique")) -> Unique | V11: =IF($A11="","",IF(AND($U11="Unique",ISNUMBER($P11)),1,0)) -> 1 | W11: =IF($A11="","",IF(OR($H11=0,$H11=6),"Weekend","Weekday")) -> Weekend | X11: =IF($A11="","",TEXT($B11,"ddd")) -> Sat | Y11: =IF($A11="","",TEXT($B11,"mmm")) -> Jan | Z11: =IF($A11="","",IFERROR(VLOOKUP($C11,Lookups!$D$4:$E$7,2,FALSE),"Unknown")) -> Winter | AA11: =IF($A11="","",IFERROR(VLOOKUP($I11,Lookups!$A$4:$B$7,2,FALSE),"Unknown")) -> Clear | AB11: =IF($A11="","",TEXT($F11,"00")&":00") -> 09:00 | AC11: =IF($A11="","",VLOOKUP($F11,Lookups!$G$4:$H$8,2,TRUE)) -> Morning Peak (06-09) | AD11: =IF($A11="","",IF($J11="","",ROUND($J11*41,1))) -> 13.1 | AE11: =IF($A11="","",IF($R11="","",ROUND($R11*50,1))) -> 17.4 | AF11: =IF($A11="","",IF($L11="","",ROUND($L11*100,0))) -> 76 | AG11: =IF($A11="","",IF($M11="","",ROUND($M11*67,1))) -> 0 | AH11: =IF($A11="","",IF($P11="","",IF($P11=0,0,$O11/$P11))) -> 0.42857143 | AI11: =IF($A11="","",IF($P11="","",IF($P11>=Lookups!$K$7,"High",IF($P11<=Lookups!$K$8,"Low","Medium")))) -> Low | AJ11: =IF($A11="","",IF($AD11="","",IF($AD11<5,"Under 5 C",IF($AD11<10,"5-10 C",IF($AD11<15,"10-15 C","15 C and above"))))) -> 10-15 C | AK11: =IF($A11="","",IF($P11="","",$P11^2)) -> 196 | AL11: =IF($V11<>1,"",AVERAGEIFS(Clean_Data!$P$2:$P$1001,Clean_Data!$F$2:$F$1001,$F11,Clean_Data!$W$2:$W$1001,$W11,Clean_Data!$V$2:$V$1001,1)) -> 30.928571 | AM11: =IF($V11<>1,"",IFERROR(($P11-$AL11)/SQRT(MAX(0,(SUMIFS(Clean_Data!$AK$2:$AK$1001,Clean_Data!$F$2:$F$1001,$F11,Clean_Data!$W$2:$W$1001,$W11,Clean_Data!$V$2:$V$1001,1)-COUNTIFS(Clean_Data!$F$2:$F$1001,$F11,Clean_Data!$W$2:$W$1001,$W11,Clean_Data!$V$2:$V$1001,1)*$AL11^2)/(COUNTIFS(Clean_Data!$F$2:$F$1001,$F11,Clean_Data!$W$2:$W$1001,$W11,Clean_Data!$V$2:$V$1001,1)-1))),"")) -> -1.5528796 | AN11: =IF($AM11="","",IF($AM11>=Lookups!$K$6,"High spike",IF($AM11<=-Lookups!$K$6,"Unusual low","Normal"))) -> Normal | AO11: =IF($V11<>1,"",$P11+ROW()/100000) -> 14.00011 | AP11: =IF($A11="","",IFERROR(MATCH($A11,Raw_D1!$A$2:$A$1001,0),"")) -> 10 | AQ11: =IF($A11="","",IFERROR(MATCH($A11,Raw_D2!$B$2:$B$1001,0),"")) -> 10 | AR11: =IF($A11="","",IFERROR(MATCH($A11,Raw_D3!$A$2:$A$1001,0),""))
A12: 11 | B12: =IF($A12="","",IF($AP12<>"",INDEX(Raw_D1!$B$2:$B$1001,$AP12),IF($AR12<>"",INDEX(Raw_D3!$B$2:$B$1001,$AR12),""))) -> 40544 | C12: =IF($A12="","",IF($AP12<>"",INDEX(Raw_D1!$C$2:$C$1001,$AP12),IF($AR12<>"",INDEX(Raw_D3!$C$2:$C$1001,$AR12),""))) -> 1 | D12: =IF($A12="","",IF($AP12<>"",INDEX(Raw_D1!$D$2:$D$1001,$AP12),IF($AR12<>"",INDEX(Raw_D3!$D$2:$D$1001,$AR12),""))) -> 0 | E12: =IF($A12="","",IF($AP12<>"",INDEX(Raw_D1!$E$2:$E$1001,$AP12),IF($AR12<>"",INDEX(Raw_D3!$E$2:$E$1001,$AR12),""))) -> 1 | F12: =IF($A12="","",IF($AP12<>"",INDEX(Raw_D1!$F$2:$F$1001,$AP12),IF($AR12<>"",INDEX(Raw_D3!$F$2:$F$1001,$AR12),""))) -> 10 | G12: =IF($A12="","",IF($AP12<>"",IF(INDEX(Raw_D1!$G$2:$G$1001,$AP12),1,0),IF($AR12<>"",IF(INDEX(Raw_D3!$G$2:$G$1001,$AR12),1,0),""))) -> 0 | H12: =IF($A12="","",IF($AP12<>"",INDEX(Raw_D1!$H$2:$H$1001,$AP12),IF($AR12<>"",INDEX(Raw_D3!$H$2:$H$1001,$AR12),""))) -> 6 | I12: =IF($A12="","",IF($AP12<>"",INDEX(Raw_D1!$I$2:$I$1001,$AP12),IF($AR12<>"",INDEX(Raw_D3!$I$2:$I$1001,$AR12),""))) -> 1 | J12: =IF($A12="","",IF($AP12<>"",INDEX(Raw_D1!$J$2:$J$1001,$AP12),IF($AR12<>"",INDEX(Raw_D3!$J$2:$J$1001,$AR12),""))) -> 0.38 | K12: =IF($A12="","",IF($AQ12<>"",IF(INDEX(Raw_D2!$C$2:$C$1001,$AQ12)="","",INDEX(Raw_D2!$C$2:$C$1001,$AQ12)),IF($AR12<>"",IF(INDEX(Raw_D3!$K$2:$K$1001,$AR12)="","",INDEX(Raw_D3!$K$2:$K$1001,$AR12)),""))) -> 0.3939 | L12: =IF($A12="","",IF($AQ12<>"",IF(INDEX(Raw_D2!$D$2:$D$1001,$AQ12)="","",INDEX(Raw_D2!$D$2:$D$1001,$AQ12)),IF($AR12<>"",IF(INDEX(Raw_D3!$L$2:$L$1001,$AR12)="","",INDEX(Raw_D3!$L$2:$L$1001,$AR12)),""))) -> 0.76 | M12: =IF($A12="","",IF($AQ12<>"",IF(INDEX(Raw_D2!$E$2:$E$1001,$AQ12)="","",INDEX(Raw_D2!$E$2:$E$1001,$AQ12)),IF($AR12<>"",IF(INDEX(Raw_D3!$M$2:$M$1001,$AR12)="","",INDEX(Raw_D3!$M$2:$M$1001,$AR12)),""))) -> 0.2537 | N12: =IF($A12="","",IF($AQ12<>"",IF(INDEX(Raw_D2!$F$2:$F$1001,$AQ12)="","",INDEX(Raw_D2!$F$2:$F$1001,$AQ12)),IF($AR12<>"",IF(INDEX(Raw_D3!$N$2:$N$1001,$AR12)="","",INDEX(Raw_D3!$N$2:$N$1001,$AR12)),""))) -> 12 | O12: =IF($A12="","",IF($AQ12<>"",IF(INDEX(Raw_D2!$G$2:$G$1001,$AQ12)="","",INDEX(Raw_D2!$G$2:$G$1001,$AQ12)),IF($AR12<>"",IF(INDEX(Raw_D3!$O$2:$O$1001,$AR12)="","",INDEX(Raw_D3!$O$2:$O$1001,$AR12)),""))) -> 24 | P12: =IF($A12="","",IF($AQ12<>"",IF(INDEX(Raw_D2!$H$2:$H$1001,$AQ12)="","",INDEX(Raw_D2!$H$2:$H$1001,$AQ12)),IF($AR12<>"",IF(INDEX(Raw_D3!$P$2:$P$1001,$AR12)="","",INDEX(Raw_D3!$P$2:$P$1001,$AR12)),""))) -> 36 | Q12: =IF($A12="","",IF(AND($AP12<>"",$AQ12<>""),"D1+D2",IF($AR12<>"","D3","Incomplete"))) -> D1+D2 | R12: =IF($A12="","",IF($K12="",IF($J12="","",ROUND(Lookups!$K$5+Lookups!$K$4*$J12,4)),$K12)) -> 0.3939 | S12: =IF($A12="","",IF($K12="","Imputed","Original")) -> Original | T12: =IF($A12="","",IF($P12="","Missing",IF($P12=$N12+$O12,"OK","Mismatch"))) -> OK | U12: =IF($A12="","",IF(COUNTIF($A$2:$A12,$A12)>1,"Duplicate","Unique")) -> Unique | V12: =IF($A12="","",IF(AND($U12="Unique",ISNUMBER($P12)),1,0)) -> 1 | W12: =IF($A12="","",IF(OR($H12=0,$H12=6),"Weekend","Weekday")) -> Weekend | X12: =IF($A12="","",TEXT($B12,"ddd")) -> Sat | Y12: =IF($A12="","",TEXT($B12,"mmm")) -> Jan | Z12: =IF($A12="","",IFERROR(VLOOKUP($C12,Lookups!$D$4:$E$7,2,FALSE),"Unknown")) -> Winter | AA12: =IF($A12="","",IFERROR(VLOOKUP($I12,Lookups!$A$4:$B$7,2,FALSE),"Unknown")) -> Clear | AB12: =IF($A12="","",TEXT($F12,"00")&":00") -> 10:00 | AC12: =IF($A12="","",VLOOKUP($F12,Lookups!$G$4:$H$8,2,TRUE)) -> Midday (10-15) | AD12: =IF($A12="","",IF($J12="","",ROUND($J12*41,1))) -> 15.6 | AE12: =IF($A12="","",IF($R12="","",ROUND($R12*50,1))) -> 19.7 | AF12: =IF($A12="","",IF($L12="","",ROUND($L12*100,0))) -> 76 | AG12: =IF($A12="","",IF($M12="","",ROUND($M12*67,1))) -> 17 | AH12: =IF($A12="","",IF($P12="","",IF($P12=0,0,$O12/$P12))) -> 0.66666667 | AI12: =IF($A12="","",IF($P12="","",IF($P12>=Lookups!$K$7,"High",IF($P12<=Lookups!$K$8,"Low","Medium")))) -> Medium | AJ12: =IF($A12="","",IF($AD12="","",IF($AD12<5,"Under 5 C",IF($AD12<10,"5-10 C",IF($AD12<15,"10-15 C","15 C and above"))))) -> 15 C and above | AK12: =IF($A12="","",IF($P12="","",$P12^2)) -> 1296 | AL12: =IF($V12<>1,"",AVERAGEIFS(Clean_Data!$P$2:$P$1001,Clean_Data!$F$2:$F$1001,$F12,Clean_Data!$W$2:$W$1001,$W12,Clean_Data!$V$2:$V$1001,1)) -> 62.785714 | AM12: =IF($V12<>1,"",IFERROR(($P12-$AL12)/SQRT(MAX(0,(SUMIFS(Clean_Data!$AK$2:$AK$1001,Clean_Data!$F$2:$F$1001,$F12,Clean_Data!$W$2:$W$1001,$W12,Clean_Data!$V$2:$V$1001,1)-COUNTIFS(Clean_Data!$F$2:$F$1001,$F12,Clean_Data!$W$2:$W$1001,$W12,Clean_Data!$V$2:$V$1001,1)*$AL12^2)/(COUNTIFS(Clean_Data!$F$2:$F$1001,$F12,Clean_Data!$W$2:$W$1001,$W12,Clean_Data!$V$2:$V$1001,1)-1))),"")) -> -1.3376972 | AN12: =IF($AM12="","",IF($AM12>=Lookups!$K$6,"High spike",IF($AM12<=-Lookups!$K$6,"Unusual low","Normal"))) -> Normal | AO12: =IF($V12<>1,"",$P12+ROW()/100000) -> 36.00012 | AP12: =IF($A12="","",IFERROR(MATCH($A12,Raw_D1!$A$2:$A$1001,0),"")) -> 11 | AQ12: =IF($A12="","",IFERROR(MATCH($A12,Raw_D2!$B$2:$B$1001,0),"")) -> 11 | AR12: =IF($A12="","",IFERROR(MATCH($A12,Raw_D3!$A$2:$A$1001,0),""))
A13: 12 | B13: =IF($A13="","",IF($AP13<>"",INDEX(Raw_D1!$B$2:$B$1001,$AP13),IF($AR13<>"",INDEX(Raw_D3!$B$2:$B$1001,$AR13),""))) -> 40544 | C13: =IF($A13="","",IF($AP13<>"",INDEX(Raw_D1!$C$2:$C$1001,$AP13),IF($AR13<>"",INDEX(Raw_D3!$C$2:$C$1001,$AR13),""))) -> 1 | D13: =IF($A13="","",IF($AP13<>"",INDEX(Raw_D1!$D$2:$D$1001,$AP13),IF($AR13<>"",INDEX(Raw_D3!$D$2:$D$1001,$AR13),""))) -> 0 | E13: =IF($A13="","",IF($AP13<>"",INDEX(Raw_D1!$E$2:$E$1001,$AP13),IF($AR13<>"",INDEX(Raw_D3!$E$2:$E$1001,$AR13),""))) -> 1 | F13: =IF($A13="","",IF($AP13<>"",INDEX(Raw_D1!$F$2:$F$1001,$AP13),IF($AR13<>"",INDEX(Raw_D3!$F$2:$F$1001,$AR13),""))) -> 11 | G13: =IF($A13="","",IF($AP13<>"",IF(INDEX(Raw_D1!$G$2:$G$1001,$AP13),1,0),IF($AR13<>"",IF(INDEX(Raw_D3!$G$2:$G$1001,$AR13),1,0),""))) -> 0 | H13: =IF($A13="","",IF($AP13<>"",INDEX(Raw_D1!$H$2:$H$1001,$AP13),IF($AR13<>"",INDEX(Raw_D3!$H$2:$H$1001,$AR13),""))) -> 6 | I13: =IF($A13="","",IF($AP13<>"",INDEX(Raw_D1!$I$2:$I$1001,$AP13),IF($AR13<>"",INDEX(Raw_D3!$I$2:$I$1001,$AR13),""))) -> 1 | J13: =IF($A13="","",IF($AP13<>"",INDEX(Raw_D1!$J$2:$J$1001,$AP13),IF($AR13<>"",INDEX(Raw_D3!$J$2:$J$1001,$AR13),""))) -> 0.36 | K13: =IF($A13="","",IF($AQ13<>"",IF(INDEX(Raw_D2!$C$2:$C$1001,$AQ13)="","",INDEX(Raw_D2!$C$2:$C$1001,$AQ13)),IF($AR13<>"",IF(INDEX(Raw_D3!$K$2:$K$1001,$AR13)="","",INDEX(Raw_D3!$K$2:$K$1001,$AR13)),""))) -> 0.3333 | L13: =IF($A13="","",IF($AQ13<>"",IF(INDEX(Raw_D2!$D$2:$D$1001,$AQ13)="","",INDEX(Raw_D2!$D$2:$D$1001,$AQ13)),IF($AR13<>"",IF(INDEX(Raw_D3!$L$2:$L$1001,$AR13)="","",INDEX(Raw_D3!$L$2:$L$1001,$AR13)),""))) -> 0.81 | M13: =IF($A13="","",IF($AQ13<>"",IF(INDEX(Raw_D2!$E$2:$E$1001,$AQ13)="","",INDEX(Raw_D2!$E$2:$E$1001,$AQ13)),IF($AR13<>"",IF(INDEX(Raw_D3!$M$2:$M$1001,$AR13)="","",INDEX(Raw_D3!$M$2:$M$1001,$AR13)),""))) -> 0.2836 | N13: =IF($A13="","",IF($AQ13<>"",IF(INDEX(Raw_D2!$F$2:$F$1001,$AQ13)="","",INDEX(Raw_D2!$F$2:$F$1001,$AQ13)),IF($AR13<>"",IF(INDEX(Raw_D3!$N$2:$N$1001,$AR13)="","",INDEX(Raw_D3!$N$2:$N$1001,$AR13)),""))) -> 26 | O13: =IF($A13="","",IF($AQ13<>"",IF(INDEX(Raw_D2!$G$2:$G$1001,$AQ13)="","",INDEX(Raw_D2!$G$2:$G$1001,$AQ13)),IF($AR13<>"",IF(INDEX(Raw_D3!$O$2:$O$1001,$AR13)="","",INDEX(Raw_D3!$O$2:$O$1001,$AR13)),""))) -> 30 | P13: =IF($A13="","",IF($AQ13<>"",IF(INDEX(Raw_D2!$H$2:$H$1001,$AQ13)="","",INDEX(Raw_D2!$H$2:$H$1001,$AQ13)),IF($AR13<>"",IF(INDEX(Raw_D3!$P$2:$P$1001,$AR13)="","",INDEX(Raw_D3!$P$2:$P$1001,$AR13)),""))) -> 56 | Q13: =IF($A13="","",IF(AND($AP13<>"",$AQ13<>""),"D1+D2",IF($AR13<>"","D3","Incomplete"))) -> D1+D2 | R13: =IF($A13="","",IF($K13="",IF($J13="","",ROUND(Lookups!$K$5+Lookups!$K$4*$J13,4)),$K13)) -> 0.3333 | S13: =IF($A13="","",IF($K13="","Imputed","Original")) -> Original | T13: =IF($A13="","",IF($P13="","Missing",IF($P13=$N13+$O13,"OK","Mismatch"))) -> OK | U13: =IF($A13="","",IF(COUNTIF($A$2:$A13,$A13)>1,"Duplicate","Unique")) -> Unique | V13: =IF($A13="","",IF(AND($U13="Unique",ISNUMBER($P13)),1,0)) -> 1 | W13: =IF($A13="","",IF(OR($H13=0,$H13=6),"Weekend","Weekday")) -> Weekend | X13: =IF($A13="","",TEXT($B13,"ddd")) -> Sat | Y13: =IF($A13="","",TEXT($B13,"mmm")) -> Jan | Z13: =IF($A13="","",IFERROR(VLOOKUP($C13,Lookups!$D$4:$E$7,2,FALSE),"Unknown")) -> Winter | AA13: =IF($A13="","",IFERROR(VLOOKUP($I13,Lookups!$A$4:$B$7,2,FALSE),"Unknown")) -> Clear | AB13: =IF($A13="","",TEXT($F13,"00")&":00") -> 11:00 | AC13: =IF($A13="","",VLOOKUP($F13,Lookups!$G$4:$H$8,2,TRUE)) -> Midday (10-15) | AD13: =IF($A13="","",IF($J13="","",ROUND($J13*41,1))) -> 14.8 | AE13: =IF($A13="","",IF($R13="","",ROUND($R13*50,1))) -> 16.7 | AF13: =IF($A13="","",IF($L13="","",ROUND($L13*100,0))) -> 81 | AG13: =IF($A13="","",IF($M13="","",ROUND($M13*67,1))) -> 19 | AH13: =IF($A13="","",IF($P13="","",IF($P13=0,0,$O13/$P13))) -> 0.53571429 | AI13: =IF($A13="","",IF($P13="","",IF($P13>=Lookups!$K$7,"High",IF($P13<=Lookups!$K$8,"Low","Medium")))) -> Medium | AJ13: =IF($A13="","",IF($AD13="","",IF($AD13<5,"Under 5 C",IF($AD13<10,"5-10 C",IF($AD13<15,"10-15 C","15 C and above"))))) -> 10-15 C | AK13: =IF($A13="","",IF($P13="","",$P13^2)) -> 3136 | AL13: =IF($V13<>1,"",AVERAGEIFS(Clean_Data!$P$2:$P$1001,Clean_Data!$F$2:$F$1001,$F13,Clean_Data!$W$2:$W$1001,$W13,Clean_Data!$V$2:$V$1001,1)) -> 76.928571 | AM13: =IF($V13<>1,"",IFERROR(($P13-$AL13)/SQRT(MAX(0,(SUMIFS(Clean_Data!$AK$2:$AK$1001,Clean_Data!$F$2:$F$1001,$F13,Clean_Data!$W$2:$W$1001,$W13,Clean_Data!$V$2:$V$1001,1)-COUNTIFS(Clean_Data!$F$2:$F$1001,$F13,Clean_Data!$W$2:$W$1001,$W13,Clean_Data!$V$2:$V$1001,1)*$AL13^2)/(COUNTIFS(Clean_Data!$F$2:$F$1001,$F13,Clean_Data!$W$2:$W$1001,$W13,Clean_Data!$V$2:$V$1001,1)-1))),"")) -> -0.84119404 | AN13: =IF($AM13="","",IF($AM13>=Lookups!$K$6,"High spike",IF($AM13<=-Lookups!$K$6,"Unusual low","Normal"))) -> Normal | AO13: =IF($V13<>1,"",$P13+ROW()/100000) -> 56.00013 | AP13: =IF($A13="","",IFERROR(MATCH($A13,Raw_D1!$A$2:$A$1001,0),"")) -> 12 | AQ13: =IF($A13="","",IFERROR(MATCH($A13,Raw_D2!$B$2:$B$1001,0),"")) -> 12 | AR13: =IF($A13="","",IFERROR(MATCH($A13,Raw_D3!$A$2:$A$1001,0),""))
... A1001: 1000 | B1001: =IF($A1001="","",IF($AP1001<>"",INDEX(Raw_D1!$B$2:$B$1001,$AP1001),IF($AR1001<>"",INDEX(Raw_D3!$B$2:$B$1001,$AR1001),""))) -> 40588 | C1001: =IF($A1001="","",IF($AP1001<>"",INDEX(Raw_D1!$C$2:$C$1001,$AP1001),IF($AR1001<>"",INDEX(Raw_D3!$C$2:$C$1001,$AR1001),""))) -> 1 | D1001: =IF($A1001="","",IF($AP1001<>"",INDEX(Raw_D1!$D$2:$D$1001,$AP1001),IF($AR1001<>"",INDEX(Raw_D3!$D$2:$D$1001,$AR1001),""))) -> 0 | E1001: =IF($A1001="","",IF($AP1001<>"",INDEX(Raw_D1!$E$2:$E$1001,$AP1001),IF($AR1001<>"",INDEX(Raw_D3!$E$2:$E$1001,$AR1001),""))) -> 2 | F1001: =IF($A1001="","",IF($AP1001<>"",INDEX(Raw_D1!$F$2:$F$1001,$AP1001),IF($AR1001<>"",INDEX(Raw_D3!$F$2:$F$1001,$AR1001),""))) -> 7 | G1001: =IF($A1001="","",IF($AP1001<>"",IF(INDEX(Raw_D1!$G$2:$G$1001,$AP1001),1,0),IF($AR1001<>"",IF(INDEX(Raw_D3!$G$2:$G$1001,$AR1001),1,0),""))) -> 0 | H1001: =IF($A1001="","",IF($AP1001<>"",INDEX(Raw_D1!$H$2:$H$1001,$AP1001),IF($AR1001<>"",INDEX(Raw_D3!$H$2:$H$1001,$AR1001),""))) -> 1 | I1001: =IF($A1001="","",IF($AP1001<>"",INDEX(Raw_D1!$I$2:$I$1001,$AP1001),IF($AR1001<>"",INDEX(Raw_D3!$I$2:$I$1001,$AR1001),""))) -> 1 | J1001: =IF($A1001="","",IF($AP1001<>"",INDEX(Raw_D1!$J$2:$J$1001,$AP1001),IF($AR1001<>"",INDEX(Raw_D3!$J$2:$J$1001,$AR1001),""))) -> 0.34 | K1001: =IF($A1001="","",IF($AQ1001<>"",IF(INDEX(Raw_D2!$C$2:$C$1001,$AQ1001)="","",INDEX(Raw_D2!$C$2:$C$1001,$AQ1001)),IF($AR1001<>"",IF(INDEX(Raw_D3!$K$2:$K$1001,$AR1001)="","",INDEX(Raw_D3!$K$2:$K$1001,$AR1001)),""))) -> 0.303 | L1001: =IF($A1001="","",IF($AQ1001<>"",IF(INDEX(Raw_D2!$D$2:$D$1001,$AQ1001)="","",INDEX(Raw_D2!$D$2:$D$1001,$AQ1001)),IF($AR1001<>"",IF(INDEX(Raw_D3!$L$2:$L$1001,$AR1001)="","",INDEX(Raw_D3!$L$2:$L$1001,$AR1001)),""))) -> 0.46 | M1001: =IF($A1001="","",IF($AQ1001<>"",IF(INDEX(Raw_D2!$E$2:$E$1001,$AQ1001)="","",INDEX(Raw_D2!$E$2:$E$1001,$AQ1001)),IF($AR1001<>"",IF(INDEX(Raw_D3!$M$2:$M$1001,$AR1001)="","",INDEX(Raw_D3!$M$2:$M$1001,$AR1001)),""))) -> 0.2985 | N1001: =IF($A1001="","",IF($AQ1001<>"",IF(INDEX(Raw_D2!$F$2:$F$1001,$AQ1001)="","",INDEX(Raw_D2!$F$2:$F$1001,$AQ1001)),IF($AR1001<>"",IF(INDEX(Raw_D3!$N$2:$N$1001,$AR1001)="","",INDEX(Raw_D3!$N$2:$N$1001,$AR1001)),""))) -> 2 | O1001: =IF($A1001="","",IF($AQ1001<>"",IF(INDEX(Raw_D2!$G$2:$G$1001,$AQ1001)="","",INDEX(Raw_D2!$G$2:$G$1001,$AQ1001)),IF($AR1001<>"",IF(INDEX(Raw_D3!$O$2:$O$1001,$AR1001)="","",INDEX(Raw_D3!$O$2:$O$1001,$AR1001)),""))) -> 96 | P1001: =IF($A1001="","",IF($AQ1001<>"",IF(INDEX(Raw_D2!$H$2:$H$1001,$AQ1001)="","",INDEX(Raw_D2!$H$2:$H$1001,$AQ1001)),IF($AR1001<>"",IF(INDEX(Raw_D3!$P$2:$P$1001,$AR1001)="","",INDEX(Raw_D3!$P$2:$P$1001,$AR1001)),""))) -> 98 | Q1001: =IF($A1001="","",IF(AND($AP1001<>"",$AQ1001<>""),"D1+D2",IF($AR1001<>"","D3","Incomplete"))) -> D3 | R1001: =IF($A1001="","",IF($K1001="",IF($J1001="","",ROUND(Lookups!$K$5+Lookups!$K$4*$J1001,4)),$K1001)) -> 0.303 | S1001: =IF($A1001="","",IF($K1001="","Imputed","Original")) -> Original | T1001: =IF($A1001="","",IF($P1001="","Missing",IF($P1001=$N1001+$O1001,"OK","Mismatch"))) -> OK | U1001: =IF($A1001="","",IF(COUNTIF($A$2:$A1001,$A1001)>1,"Duplicate","Unique")) -> Unique | V1001: =IF($A1001="","",IF(AND($U1001="Unique",ISNUMBER($P1001)),1,0)) -> 1 | W1001: =IF($A1001="","",IF(OR($H1001=0,$H1001=6),"Weekend","Weekday")) -> Weekday | X1001: =IF($A1001="","",TEXT($B1001,"ddd")) -> Mon | Y1001: =IF($A1001="","",TEXT($B1001,"mmm")) -> Feb | Z1001: =IF($A1001="","",IFERROR(VLOOKUP($C1001,Lookups!$D$4:$E$7,2,FALSE),"Unknown")) -> Winter | AA1001: =IF($A1001="","",IFERROR(VLOOKUP($I1001,Lookups!$A$4:$B$7,2,FALSE),"Unknown")) -> Clear | AB1001: =IF($A1001="","",TEXT($F1001,"00")&":00") -> 07:00 | AC1001: =IF($A1001="","",VLOOKUP($F1001,Lookups!$G$4:$H$8,2,TRUE)) -> Morning Peak (06-09) | AD1001: =IF($A1001="","",IF($J1001="","",ROUND($J1001*41,1))) -> 13.9 | AE1001: =IF($A1001="","",IF($R1001="","",ROUND($R1001*50,1))) -> 15.2 | AF1001: =IF($A1001="","",IF($L1001="","",ROUND($L1001*100,0))) -> 46 | AG1001: =IF($A1001="","",IF($M1001="","",ROUND($M1001*67,1))) -> 20 | AH1001: =IF($A1001="","",IF($P1001="","",IF($P1001=0,0,$O1001/$P1001))) -> 0.97959184 | AI1001: =IF($A1001="","",IF($P1001="","",IF($P1001>=Lookups!$K$7,"High",IF($P1001<=Lookups!$K$8,"Low","Medium")))) -> High | AJ1001: =IF($A1001="","",IF($AD1001="","",IF($AD1001<5,"Under 5 C",IF($AD1001<10,"5-10 C",IF($AD1001<15,"10-15 C","15 C and above"))))) -> 10-15 C | AK1001: =IF($A1001="","",IF($P1001="","",$P1001^2)) -> 9604 | AL1001: =IF($V1001<>1,"",AVERAGEIFS(Clean_Data!$P$2:$P$1001,Clean_Data!$F$2:$F$1001,$F1001,Clean_Data!$W$2:$W$1001,$W1001,Clean_Data!$V$2:$V$1001,1)) -> 78.034483 | AM1001: =IF($V1001<>1,"",IFERROR(($P1001-$AL1001)/SQRT(MAX(0,(SUMIFS(Clean_Data!$AK$2:$AK$1001,Clean_Data!$F$2:$F$1001,$F1001,Clean_Data!$W$2:$W$1001,$W1001,Clean_Data!$V$2:$V$1001,1)-COUNTIFS(Clean_Data!$F$2:$F$1001,$F1001,Clean_Data!$W$2:$W$1001,$W1001,Clean_Data!$V$2:$V$1001,1)*$AL1001^2)/(COUNTIFS(Clean_Data!$F$2:$F$1001,$F1001,Clean_Data!$W$2:$W$1001,$W1001,Clean_Data!$V$2:$V$1001,1)-1))),"")) -> 0.88214526 | AN1001: =IF($AM1001="","",IF($AM1001>=Lookups!$K$6,"High spike",IF($AM1001<=-Lookups!$K$6,"Unusual low","Normal"))) -> Normal | AO1001: =IF($V1001<>1,"",$P1001+ROW()/100000) -> 98.01001 | AP1001: =IF($A1001="","",IFERROR(MATCH($A1001,Raw_D1!$A$2:$A$1001,0),"")) | AQ1001: =IF($A1001="","",IFERROR(MATCH($A1001,Raw_D2!$B$2:$B$1001,0),"")) | AR1001: =IF($A1001="","",IFERROR(MATCH($A1001,Raw_D3!$A$2:$A$1001,0),"")) -> 381

Sheet DQ_Log
A1: Data quality log - merging, missing values, duplicates, consistency
A2: Every count is a live formula on the raw sheets or Clean_Data. Zero = no issue found.
A4: A. Row counts and key reconciliation (merge on instant)
A5: Check | B5: Result | C5: Comment
A6: Rows in dataset_1 (calendar, temp) | B6: =COUNT(Raw_D1!$A$2:$A$1001) -> 610 | C6: Instant 1-610
A7: Rows in dataset_2 (weather, counts) | B7: =COUNT(Raw_D2!$B$2:$B$1001) -> 610 | C7: Instant 1-610; extra index column "Unnamed: 0" ignored
A8: Rows in dataset_3 (complete records) | B8: =COUNT(Raw_D3!$A$2:$A$1001) -> 390 | C8: Instant 611-1000, supplied unsorted (starts at 620)
A9: Expected merged rows (D1 + D3) | B9: =B6+B8 -> 1000 | C9: D1 and D2 are joined on instant; D3 is appended
A10: Rows in Clean_Data | B10: =COUNT(Clean_Data!$A$2:$A$1001) -> 1000 | C10: Must equal expected rows
A11: Difference | B11: =B9-B10 -> 0 | C11: 0 = nothing lost in the merge
A12: dataset_1 keys with no match in dataset_2 | B12: =SUMPRODUCT(--(COUNTIF(Raw_D2!$B$2:$B$1001,Raw_D1!$A$2:$A$1001)=0),--(Raw_D1!$A$2:$A$1001<>"")) -> 0 | C12: Join completeness
A13: dataset_2 keys with no match in dataset_1 | B13: =SUMPRODUCT(--(COUNTIF(Raw_D1!$A$2:$A$1001,Raw_D2!$B$2:$B$1001)=0),--(Raw_D2!$B$2:$B$1001<>"")) -> 0 | C13: Join completeness
A14: Keys present in both dataset_1 and dataset_3 | B14: =SUMPRODUCT(--(COUNTIF(Raw_D3!$A$2:$A$1001,Raw_D1!$A$2:$A$1001)>0),--(Raw_D1!$A$2:$A$1001<>"")) -> 0 | C14: Overlap would create duplicates (dates overlap on 28 Jan but instants do not)
A16: B. Missing values in the raw files
A17: Dataset / column | B17: Blank cells | C17: Treatment
A18: d1 / instant | B18: =COUNTBLANK(Raw_D1!$A$2:$A$611) -> 0 | C18: No action needed
A19: d1 / dteday | B19: =COUNTBLANK(Raw_D1!$B$2:$B$611) -> 0 | C19: No action needed
A20: d1 / season | B20: =COUNTBLANK(Raw_D1!$C$2:$C$611) -> 0 | C20: No action needed
A21: d1 / yr | B21: =COUNTBLANK(Raw_D1!$D$2:$D$611) -> 0 | C21: No action needed
A22: d1 / mnth | B22: =COUNTBLANK(Raw_D1!$E$2:$E$611) -> 0 | C22: No action needed
A23: d1 / hr | B23: =COUNTBLANK(Raw_D1!$F$2:$F$611) -> 0 | C23: No action needed
A24: d1 / holiday | B24: =COUNTBLANK(Raw_D1!$G$2:$G$611) -> 0 | C24: No action needed
A25: d1 / weekday | B25: =COUNTBLANK(Raw_D1!$H$2:$H$611) -> 0 | C25: No action needed
A26: d1 / weathersit | B26: =COUNTBLANK(Raw_D1!$I$2:$I$611) -> 0 | C26: No action needed
A27: d1 / temp | B27: =COUNTBLANK(Raw_D1!$J$2:$J$611) -> 0 | C27: No action needed
A28: d2 / Unnamed: 0 | B28: =COUNTBLANK(Raw_D2!$A$2:$A$611) -> 0 | C28: Redundant row index - not carried into Clean_Data
A29: d2 / instant | B29: =COUNTBLANK(Raw_D2!$B$2:$B$611) -> 0 | C29: No action needed
A30: d2 / atemp | B30: =COUNTBLANK(Raw_D2!$C$2:$C$611) -> 11 | C30: Imputed: atemp = intercept + slope x temp (regression on valid rows, Lookups K4:K5); flagged "Imputed" in Clean_Data
A31: d2 / hum | B31: =COUNTBLANK(Raw_D2!$D$2:$D$611) -> 0 | C31: No action needed
A32: d2 / windspeed | B32: =COUNTBLANK(Raw_D2!$E$2:$E$611) -> 0 | C32: No action needed
A33: d2 / casual | B33: =COUNTBLANK(Raw_D2!$F$2:$F$611) -> 0 | C33: No action needed
A34: d2 / registered | B34: =COUNTBLANK(Raw_D2!$G$2:$G$611) -> 0 | C34: No action needed
A35: d2 / cnt | B35: =COUNTBLANK(Raw_D2!$H$2:$H$611) -> 0 | C35: No action needed
A36: d3 / instant | B36: =COUNTBLANK(Raw_D3!$A$2:$A$391) -> 0 | C36: No action needed
A37: d3 / dteday | B37: =COUNTBLANK(Raw_D3!$B$2:$B$391) -> 0 | C37: No action needed
A38: d3 / season | B38: =COUNTBLANK(Raw_D3!$C$2:$C$391) -> 0 | C38: No action needed
A39: d3 / yr | B39: =COUNTBLANK(Raw_D3!$D$2:$D$391) -> 0 | C39: No action needed
A40: d3 / mnth | B40: =COUNTBLANK(Raw_D3!$E$2:$E$391) -> 0 | C40: No action needed
A41: d3 / hr | B41: =COUNTBLANK(Raw_D3!$F$2:$F$391) -> 0 | C41: No action needed
A42: d3 / holiday | B42: =COUNTBLANK(Raw_D3!$G$2:$G$391) -> 0 | C42: No action needed
A43: d3 / weekday | B43: =COUNTBLANK(Raw_D3!$H$2:$H$391) -> 0 | C43: No action needed
A44: d3 / weathersit | B44: =COUNTBLANK(Raw_D3!$I$2:$I$391) -> 0 | C44: No action needed
A45: d3 / temp | B45: =COUNTBLANK(Raw_D3!$J$2:$J$391) -> 0 | C45: No action needed
A46: d3 / atemp | B46: =COUNTBLANK(Raw_D3!$K$2:$K$391) -> 0 | C46: No action needed
A47: d3 / hum | B47: =COUNTBLANK(Raw_D3!$L$2:$L$391) -> 0 | C47: No action needed
A48: d3 / windspeed | B48: =COUNTBLANK(Raw_D3!$M$2:$M$391) -> 0 | C48: No action needed
A49: d3 / casual | B49: =COUNTBLANK(Raw_D3!$N$2:$N$391) -> 0 | C49: No action needed
A50: d3 / registered | B50: =COUNTBLANK(Raw_D3!$O$2:$O$391) -> 0 | C50: No action needed
A51: d3 / cnt | B51: =COUNTBLANK(Raw_D3!$P$2:$P$391) -> 0 | C51: No action needed
A53: C. Duplicate, range and consistency checks on the merged data
A54: Check | B54: Violations | C54: Rule
A55: Duplicate instants (all rows) | B55: =COUNTIF(Clean_Data!$U$2:$U$1001,"Duplicate") -> 0 | C55: Each instant must appear once
A56: Duplicate instants in dataset_1 | B56: =SUMPRODUCT(--(COUNTIF(Raw_D1!$A$2:$A$1001,Raw_D1!$A$2:$A$1001)>1),--(Raw_D1!$A$2:$A$1001<>"")) -> 0 | C56: Raw check
A57: Duplicate instants in dataset_2 | B57: =SUMPRODUCT(--(COUNTIF(Raw_D2!$B$2:$B$1001,Raw_D2!$B$2:$B$1001)>1),--(Raw_D2!$B$2:$B$1001<>"")) -> 0 | C57: Raw check
A58: Duplicate instants in dataset_3 | B58: =SUMPRODUCT(--(COUNTIF(Raw_D3!$A$2:$A$1001,Raw_D3!$A$2:$A$1001)>1),--(Raw_D3!$A$2:$A$1001<>"")) -> 0 | C58: Raw check
A59: cnt <> casual + registered | B59: =COUNTIF(Clean_Data!$T$2:$T$1001,"Mismatch") -> 0 | C59: Total must equal the sum of user types
A60: Non-numeric or blank cnt | B60: =ROWS(Clean_Data!$P$2:$P$1001)-COUNT(Clean_Data!$P$2:$P$1001) -> 0 | C60: Data type check
A61: Hour outside 0-23 | B61: =COUNTIF(Clean_Data!$F$2:$F$1001,"<0")+COUNTIF(Clean_Data!$F$2:$F$1001,">23") -> 0 | C61: Valid range 0-23
A62: Weather code outside 1-4 | B62: =COUNTIF(Clean_Data!$I$2:$I$1001,"<1")+COUNTIF(Clean_Data!$I$2:$I$1001,">4") -> 0 | C62: Valid codes 1-4
A63: temp outside 0-1 (normalised) | B63: =COUNTIF(Clean_Data!$J$2:$J$1001,"<0")+COUNTIF(Clean_Data!$J$2:$J$1001,">1") -> 0 | C63: Normalised scale
A64: humidity outside 0-1 | B64: =COUNTIF(Clean_Data!$L$2:$L$1001,"<0")+COUNTIF(Clean_Data!$L$2:$L$1001,">1") -> 0 | C64: Normalised scale
A65: windspeed outside 0-1 | B65: =COUNTIF(Clean_Data!$M$2:$M$1001,"<0")+COUNTIF(Clean_Data!$M$2:$M$1001,">1") -> 0 | C65: Normalised scale
A66: Month in mnth does not match dteday | B66: =SUMPRODUCT(--(MONTH(Clean_Data!$B$2:$B$1001)<>Clean_Data!$E$2:$E$1001)) -> 0 | C66: mnth must equal MONTH(dteday)
A67: Weekday does not match dteday | B67: =SUMPRODUCT(--(WEEKDAY(Clean_Data!$B$2:$B$1001)-1<>Clean_Data!$H$2:$H$1001)) -> 0 | C67: weekday must equal WEEKDAY(dteday)-1 (0 = Sunday)
A68: Rows with atemp = 0 (kept) | B68: =COUNTIF(Clean_Data!$R$2:$R$1001,0) -> 2 | C68: Genuine minimum: temp 0.02-0.04 on 22 Jan; not treated as missing
A69: Days covered | B69: =MAX(Clean_Data!$B$2:$B$1001)-MIN(Clean_Data!$B$2:$B$1001)+1 -> 45 | C69: Info
A70: Hourly records missing vs a full calendar | B70: =(MAX(Clean_Data!$B$2:$B$1001)-MIN(Clean_Data!$B$2:$B$1001)+1)*24-COUNT(Clean_Data!$A$2:$A$1001) -> 80 | C70: Hours with no rentals are absent from the source; they are not back-filled
A72: D. Issue log - what was found and what was done
A73: Issue | B73: Count | C73: Treatment | D73: Reason
A74: Missing atemp in dataset_2 | B74: =COUNTIF(Clean_Data!$S$2:$S$1001,"Imputed") -> 11 | C74: Regression imputation from temp (r about 0.93) | D74: Keeps all 1,000 hours; atemp and temp are closely related
A75: dataset_3 not sorted by instant | B75: 1 | C75: Merged by key and Clean_Data sorted ascending | D75: Row order must not affect results
A76: Overlapping calendar day (28 Jan in dataset_1 and dataset_3) | B76: 1 | C76: Kept - different instants, hours continue where D1 stops | D76: Instant is the unique key, not the date
A77: Last day (14 Feb) stops at 07:00 | B77: 1 | C77: Kept in hourly analysis, excluded from daily trend model | D77: Partial day would bias the trend
A78: Weather code 4 (heavy rain/snow) occurs once | B78: =COUNTIF(Clean_Data!$I$2:$I$1001,4) -> 1 | C78: Kept and labelled; no conclusions drawn from it | D78: Too few records
A79: Duplicate rows | B79: =COUNTIF(Clean_Data!$U$2:$U$1001,"Duplicate") -> 0 | C79: None found; check kept live in dup_check column | D79: Task requirement

Sheet T1_Foundations
A1: Task 1 - Excel foundations: shortcuts, basic formulas, text functions, sort / filter, conditional formatting
A3: A. Navigation and shortcuts used on this workbook
A4: Shortcut | B4: Action | E4: Used for
A5: Ctrl + Arrow keys | B5: Jump to the edge of the data block | E5: Moving through 1,000 rows in Clean_Data
A6: Ctrl + Shift + L | B6: Switch filters on / off | E6: Filtering the table by weather, day type, demand level
A7: Ctrl + T | B7: Convert a range to a table | E7: Clean_Data is the table tblBike
A8: Alt + = | B8: AutoSum | E8: Totals in this sheet
A9: F4 | B9: Cycle absolute / relative references | E9: Locking ranges such as $A$2:$A$1001
A10: Ctrl + Shift + Enter | B10: Enter an array formula | E10: Filtered statistics in T4_Stats
A11: Ctrl + 1 | B11: Format cells | E11: Dates, percentages, number formats
A12: Ctrl + Shift + $ / % / # | B12: Currency, percent, date formats | E12: Quick formatting
A13: F2 | B13: Edit the active cell | E13: Checking formulas
A14: Alt + N + V | B14: Insert PivotTable | E14: Creating native pivots (see macro BuildPivotTables)
A15: Alt + F11 | B15: Open the VBA editor | E15: Importing the .bas modules
A17: B. Basic formulas: SUM, AVERAGE, COUNT, MAX, MIN, COUNTBLANK, SUBTOTAL
A18: Hourly records (COUNT) | E18: =COUNT(Clean_Data!$P$2:$P$1001) -> 1000
A19: Total rentals (SUM) | E19: =SUM(Clean_Data!$P$2:$P$1001) -> 58304
A20: Casual rentals (SUM) | E20: =SUM(Clean_Data!$N$2:$N$1001) -> 4921
A21: Registered rentals (SUM) | E21: =SUM(Clean_Data!$O$2:$O$1001) -> 53383
A22: Average rentals per hour (AVERAGE) | E22: =AVERAGE(Clean_Data!$P$2:$P$1001) -> 58.304
A23: Busiest hour ever (MAX) | E23: =MAX(Clean_Data!$P$2:$P$1001) -> 249
A24: Quietest hour (MIN) | E24: =MIN(Clean_Data!$P$2:$P$1001) -> 1
A25: Blank atemp cells in raw dataset_2 (COUNTBLANK) | E25: =COUNTBLANK(Raw_D2!$C$2:$C$611) -> 11
A26: Total of rows currently visible after filtering (SUBTOTAL 109) | E26: =SUBTOTAL(109,Clean_Data!$P$2:$P$1001) -> 58304
A27: Visible rows after filtering (SUBTOTAL 103) | E27: =SUBTOTAL(103,Clean_Data!$A$2:$A$1001) -> 1000
A29: C. Text functions: LEFT, MID, RIGHT, LEN, UPPER on the first ten records
A30: instant | B30: Date as text | C30: Year LEFT(,4) | D30: Month MID(,6,2) | E30: Day RIGHT(,2) | F30: LEN(weather) | G30: UPPER(LEFT(day,3)) | H30: Hour RIGHT(label,5)
A31: =Clean_Data!A2 -> 1 | B31: =TEXT(Clean_Data!B2,"yyyy-mm-dd") -> 2011-01-01 | C31: =LEFT(B31,4) -> 2011 | D31: =MID(B31,6,2) -> 01 | E31: =RIGHT(B31,2) -> 01 | F31: =LEN(Clean_Data!AA2) -> 5 | G31: =UPPER(LEFT(Clean_Data!X2,3)) -> SAT | H31: =RIGHT(Clean_Data!AB2,5) -> 00:00
A32: =Clean_Data!A3 -> 2 | B32: =TEXT(Clean_Data!B3,"yyyy-mm-dd") -> 2011-01-01 | C32: =LEFT(B32,4) -> 2011 | D32: =MID(B32,6,2) -> 01 | E32: =RIGHT(B32,2) -> 01 | F32: =LEN(Clean_Data!AA3) -> 5 | G32: =UPPER(LEFT(Clean_Data!X3,3)) -> SAT | H32: =RIGHT(Clean_Data!AB3,5) -> 01:00
A33: =Clean_Data!A4 -> 3 | B33: =TEXT(Clean_Data!B4,"yyyy-mm-dd") -> 2011-01-01 | C33: =LEFT(B33,4) -> 2011 | D33: =MID(B33,6,2) -> 01 | E33: =RIGHT(B33,2) -> 01 | F33: =LEN(Clean_Data!AA4) -> 5 | G33: =UPPER(LEFT(Clean_Data!X4,3)) -> SAT | H33: =RIGHT(Clean_Data!AB4,5) -> 02:00
A34: =Clean_Data!A5 -> 4 | B34: =TEXT(Clean_Data!B5,"yyyy-mm-dd") -> 2011-01-01 | C34: =LEFT(B34,4) -> 2011 | D34: =MID(B34,6,2) -> 01 | E34: =RIGHT(B34,2) -> 01 | F34: =LEN(Clean_Data!AA5) -> 5 | G34: =UPPER(LEFT(Clean_Data!X5,3)) -> SAT | H34: =RIGHT(Clean_Data!AB5,5) -> 03:00
A35: =Clean_Data!A6 -> 5 | B35: =TEXT(Clean_Data!B6,"yyyy-mm-dd") -> 2011-01-01 | C35: =LEFT(B35,4) -> 2011 | D35: =MID(B35,6,2) -> 01 | E35: =RIGHT(B35,2) -> 01 | F35: =LEN(Clean_Data!AA6) -> 5 | G35: =UPPER(LEFT(Clean_Data!X6,3)) -> SAT | H35: =RIGHT(Clean_Data!AB6,5) -> 04:00
A36: =Clean_Data!A7 -> 6 | B36: =TEXT(Clean_Data!B7,"yyyy-mm-dd") -> 2011-01-01 | C36: =LEFT(B36,4) -> 2011 | D36: =MID(B36,6,2) -> 01 | E36: =RIGHT(B36,2) -> 01 | F36: =LEN(Clean_Data!AA7) -> 11 | G36: =UPPER(LEFT(Clean_Data!X7,3)) -> SAT | H36: =RIGHT(Clean_Data!AB7,5) -> 05:00
A37: =Clean_Data!A8 -> 7 | B37: =TEXT(Clean_Data!B8,"yyyy-mm-dd") -> 2011-01-01 | C37: =LEFT(B37,4) -> 2011 | D37: =MID(B37,6,2) -> 01 | E37: =RIGHT(B37,2) -> 01 | F37: =LEN(Clean_Data!AA8) -> 5 | G37: =UPPER(LEFT(Clean_Data!X8,3)) -> SAT | H37: =RIGHT(Clean_Data!AB8,5) -> 06:00
A38: =Clean_Data!A9 -> 8 | B38: =TEXT(Clean_Data!B9,"yyyy-mm-dd") -> 2011-01-01 | C38: =LEFT(B38,4) -> 2011 | D38: =MID(B38,6,2) -> 01 | E38: =RIGHT(B38,2) -> 01 | F38: =LEN(Clean_Data!AA9) -> 5 | G38: =UPPER(LEFT(Clean_Data!X9,3)) -> SAT | H38: =RIGHT(Clean_Data!AB9,5) -> 07:00
A39: =Clean_Data!A10 -> 9 | B39: =TEXT(Clean_Data!B10,"yyyy-mm-dd") -> 2011-01-01 | C39: =LEFT(B39,4) -> 2011 | D39: =MID(B39,6,2) -> 01 | E39: =RIGHT(B39,2) -> 01 | F39: =LEN(Clean_Data!AA10) -> 5 | G39: =UPPER(LEFT(Clean_Data!X10,3)) -> SAT | H39: =RIGHT(Clean_Data!AB10,5) -> 08:00
A40: =Clean_Data!A11 -> 10 | B40: =TEXT(Clean_Data!B11,"yyyy-mm-dd") -> 2011-01-01 | C40: =LEFT(B40,4) -> 2011 | D40: =MID(B40,6,2) -> 01 | E40: =RIGHT(B40,2) -> 01 | F40: =LEN(Clean_Data!AA11) -> 5 | G40: =UPPER(LEFT(Clean_Data!X11,3)) -> SAT | H40: =RIGHT(Clean_Data!AB11,5) -> 09:00
A42: D. Top 10 busiest hours (LARGE with INDEX / MATCH)
A43: Rank | B43: Rentals | C43: instant | D43: Date | E43: Hour | F43: Weather | G43: Day type | H43: Temp (C)
A44: 1 | B44: =INT(LARGE(Clean_Data!$AO$2:$AO$1001,A44)) -> 249 | C44: =INDEX(Clean_Data!$A$2:$A$1001,MATCH(LARGE(Clean_Data!$AO$2:$AO$1001,$A44),Clean_Data!$AO$2:$AO$1001,0)) -> 440 | D44: =INDEX(Clean_Data!$B$2:$B$1001,MATCH(LARGE(Clean_Data!$AO$2:$AO$1001,$A44),Clean_Data!$AO$2:$AO$1001,0)) -> 40563 | E44: =INDEX(Clean_Data!$AB$2:$AB$1001,MATCH(LARGE(Clean_Data!$AO$2:$AO$1001,$A44),Clean_Data!$AO$2:$AO$1001,0)) -> 08:00 | F44: =INDEX(Clean_Data!$AA$2:$AA$1001,MATCH(LARGE(Clean_Data!$AO$2:$AO$1001,$A44),Clean_Data!$AO$2:$AO$1001,0)) -> Clear | G44: =INDEX(Clean_Data!$W$2:$W$1001,MATCH(LARGE(Clean_Data!$AO$2:$AO$1001,$A44),Clean_Data!$AO$2:$AO$1001,0)) -> Weekday | H44: =INDEX(Clean_Data!$AD$2:$AD$1001,MATCH(LARGE(Clean_Data!$AO$2:$AO$1001,$A44),Clean_Data!$AO$2:$AO$1001,0)) -> 9
A45: 2 | B45: =INT(LARGE(Clean_Data!$AO$2:$AO$1001,A45)) -> 243 | C45: =INDEX(Clean_Data!$A$2:$A$1001,MATCH(LARGE(Clean_Data!$AO$2:$AO$1001,$A45),Clean_Data!$AO$2:$AO$1001,0)) -> 862 | D45: =INDEX(Clean_Data!$B$2:$B$1001,MATCH(LARGE(Clean_Data!$AO$2:$AO$1001,$A45),Clean_Data!$AO$2:$AO$1001,0)) -> 40582 | E45: =INDEX(Clean_Data!$AB$2:$AB$1001,MATCH(LARGE(Clean_Data!$AO$2:$AO$1001,$A45),Clean_Data!$AO$2:$AO$1001,0)) -> 08:00 | F45: =INDEX(Clean_Data!$AA$2:$AA$1001,MATCH(LARGE(Clean_Data!$AO$2:$AO$1001,$A45),Clean_Data!$AO$2:$AO$1001,0)) -> Clear | G45: =INDEX(Clean_Data!$W$2:$W$1001,MATCH(LARGE(Clean_Data!$AO$2:$AO$1001,$A45),Clean_Data!$AO$2:$AO$1001,0)) -> Weekday | H45: =INDEX(Clean_Data!$AD$2:$AD$1001,MATCH(LARGE(Clean_Data!$AO$2:$AO$1001,$A45),Clean_Data!$AO$2:$AO$1001,0)) -> 9.8
A46: 3 | B46: =INT(LARGE(Clean_Data!$AO$2:$AO$1001,A46)) -> 238 | C46: =INDEX(Clean_Data!$A$2:$A$1001,MATCH(LARGE(Clean_Data!$AO$2:$AO$1001,$A46),Clean_Data!$AO$2:$AO$1001,0)) -> 556 | D46: =INDEX(Clean_Data!$B$2:$B$1001,MATCH(LARGE(Clean_Data!$AO$2:$AO$1001,$A46),Clean_Data!$AO$2:$AO$1001,0)) -> 40568 | E46: =INDEX(Clean_Data!$AB$2:$AB$1001,MATCH(LARGE(Clean_Data!$AO$2:$AO$1001,$A46),Clean_Data!$AO$2:$AO$1001,0)) -> 08:00 | F46: =INDEX(Clean_Data!$AA$2:$AA$1001,MATCH(LARGE(Clean_Data!$AO$2:$AO$1001,$A46),Clean_Data!$AO$2:$AO$1001,0)) -> Mist/Cloudy | G46: =INDEX(Clean_Data!$W$2:$W$1001,MATCH(LARGE(Clean_Data!$AO$2:$AO$1001,$A46),Clean_Data!$AO$2:$AO$1001,0)) -> Weekday | H46: =INDEX(Clean_Data!$AD$2:$AD$1001,MATCH(LARGE(Clean_Data!$AO$2:$AO$1001,$A46),Clean_Data!$AO$2:$AO$1001,0)) -> 6.6
A47: 4 | B47: =INT(LARGE(Clean_Data!$AO$2:$AO$1001,A47)) -> 230 | C47: =INDEX(Clean_Data!$A$2:$A$1001,MATCH(LARGE(Clean_Data!$AO$2:$AO$1001,$A47),Clean_Data!$AO$2:$AO$1001,0)) -> 838 | D47: =INDEX(Clean_Data!$B$2:$B$1001,MATCH(LARGE(Clean_Data!$AO$2:$AO$1001,$A47),Clean_Data!$AO$2:$AO$1001,0)) -> 40581 | E47: =INDEX(Clean_Data!$AB$2:$AB$1001,MATCH(LARGE(Clean_Data!$AO$2:$AO$1001,$A47),Clean_Data!$AO$2:$AO$1001,0)) -> 08:00 | F47: =INDEX(Clean_Data!$AA$2:$AA$1001,MATCH(LARGE(Clean_Data!$AO$2:$AO$1001,$A47),Clean_Data!$AO$2:$AO$1001,0)) -> Mist/Cloudy | G47: =INDEX(Clean_Data!$W$2:$W$1001,MATCH(LARGE(Clean_Data!$AO$2:$AO$1001,$A47),Clean_Data!$AO$2:$AO$1001,0)) -> Weekday | H47: =INDEX(Clean_Data!$AD$2:$AD$1001,MATCH(LARGE(Clean_Data!$AO$2:$AO$1001,$A47),Clean_Data!$AO$2:$AO$1001,0)) -> 6.6
A48: 5 | B48: =INT(LARGE(Clean_Data!$AO$2:$AO$1001,A48)) -> 225 | C48: =INDEX(Clean_Data!$A$2:$A$1001,MATCH(LARGE(Clean_Data!$AO$2:$AO$1001,$A48),Clean_Data!$AO$2:$AO$1001,0)) -> 566 | D48: =INDEX(Clean_Data!$B$2:$B$1001,MATCH(LARGE(Clean_Data!$AO$2:$AO$1001,$A48),Clean_Data!$AO$2:$AO$1001,0)) -> 40568 | E48: =INDEX(Clean_Data!$AB$2:$AB$1001,MATCH(LARGE(Clean_Data!$AO$2:$AO$1001,$A48),Clean_Data!$AO$2:$AO$1001,0)) -> 18:00 | F48: =INDEX(Clean_Data!$AA$2:$AA$1001,MATCH(LARGE(Clean_Data!$AO$2:$AO$1001,$A48),Clean_Data!$AO$2:$AO$1001,0)) -> Mist/Cloudy | G48: =INDEX(Clean_Data!$W$2:$W$1001,MATCH(LARGE(Clean_Data!$AO$2:$AO$1001,$A48),Clean_Data!$AO$2:$AO$1001,0)) -> Weekday | H48: =INDEX(Clean_Data!$AD$2:$AD$1001,MATCH(LARGE(Clean_Data!$AO$2:$AO$1001,$A48),Clean_Data!$AO$2:$AO$1001,0)) -> 12.3
A49: 6 | B49: =INT(LARGE(Clean_Data!$AO$2:$AO$1001,A49)) -> 222 | C49: =INDEX(Clean_Data!$A$2:$A$1001,MATCH(LARGE(Clean_Data!$AO$2:$AO$1001,$A49),Clean_Data!$AO$2:$AO$1001,0)) -> 565 | D49: =INDEX(Clean_Data!$B$2:$B$1001,MATCH(LARGE(Clean_Data!$AO$2:$AO$1001,$A49),Clean_Data!$AO$2:$AO$1001,0)) -> 40568 | E49: =INDEX(Clean_Data!$AB$2:$AB$1001,MATCH(LARGE(Clean_Data!$AO$2:$AO$1001,$A49),Clean_Data!$AO$2:$AO$1001,0)) -> 17:00 | F49: =INDEX(Clean_Data!$AA$2:$AA$1001,MATCH(LARGE(Clean_Data!$AO$2:$AO$1001,$A49),Clean_Data!$AO$2:$AO$1001,0)) -> Clear | G49: =INDEX(Clean_Data!$W$2:$W$1001,MATCH(LARGE(Clean_Data!$AO$2:$AO$1001,$A49),Clean_Data!$AO$2:$AO$1001,0)) -> Weekday | H49: =INDEX(Clean_Data!$AD$2:$AD$1001,MATCH(LARGE(Clean_Data!$AO$2:$AO$1001,$A49),Clean_Data!$AO$2:$AO$1001,0)) -> 12.3
A50: 7 | B50: =INT(LARGE(Clean_Data!$AO$2:$AO$1001,A50)) -> 220 | C50: =INDEX(Clean_Data!$A$2:$A$1001,MATCH(LARGE(Clean_Data!$AO$2:$AO$1001,$A50),Clean_Data!$AO$2:$AO$1001,0)) -> 766 | D50: =INDEX(Clean_Data!$B$2:$B$1001,MATCH(LARGE(Clean_Data!$AO$2:$AO$1001,$A50),Clean_Data!$AO$2:$AO$1001,0)) -> 40578 | E50: =INDEX(Clean_Data!$AB$2:$AB$1001,MATCH(LARGE(Clean_Data!$AO$2:$AO$1001,$A50),Clean_Data!$AO$2:$AO$1001,0)) -> 08:00 | F50: =INDEX(Clean_Data!$AA$2:$AA$1001,MATCH(LARGE(Clean_Data!$AO$2:$AO$1001,$A50),Clean_Data!$AO$2:$AO$1001,0)) -> Clear | G50: =INDEX(Clean_Data!$W$2:$W$1001,MATCH(LARGE(Clean_Data!$AO$2:$AO$1001,$A50),Clean_Data!$AO$2:$AO$1001,0)) -> Weekday | H50: =INDEX(Clean_Data!$AD$2:$AD$1001,MATCH(LARGE(Clean_Data!$AO$2:$AO$1001,$A50),Clean_Data!$AO$2:$AO$1001,0)) -> 5.7
A51: 8 | B51: =INT(LARGE(Clean_Data!$AO$2:$AO$1001,A51)) -> 219 | C51: =INDEX(Clean_Data!$A$2:$A$1001,MATCH(LARGE(Clean_Data!$AO$2:$AO$1001,$A51),Clean_Data!$AO$2:$AO$1001,0)) -> 123 | D51: =INDEX(Clean_Data!$B$2:$B$1001,MATCH(LARGE(Clean_Data!$AO$2:$AO$1001,$A51),Clean_Data!$AO$2:$AO$1001,0)) -> 40549 | E51: =INDEX(Clean_Data!$AB$2:$AB$1001,MATCH(LARGE(Clean_Data!$AO$2:$AO$1001,$A51),Clean_Data!$AO$2:$AO$1001,0)) -> 08:00 | F51: =INDEX(Clean_Data!$AA$2:$AA$1001,MATCH(LARGE(Clean_Data!$AO$2:$AO$1001,$A51),Clean_Data!$AO$2:$AO$1001,0)) -> Clear | G51: =INDEX(Clean_Data!$W$2:$W$1001,MATCH(LARGE(Clean_Data!$AO$2:$AO$1001,$A51),Clean_Data!$AO$2:$AO$1001,0)) -> Weekday | H51: =INDEX(Clean_Data!$AD$2:$AD$1001,MATCH(LARGE(Clean_Data!$AO$2:$AO$1001,$A51),Clean_Data!$AO$2:$AO$1001,0)) -> 6.6
A52: 9 | B52: =INT(LARGE(Clean_Data!$AO$2:$AO$1001,A52)) -> 217 | C52: =INDEX(Clean_Data!$A$2:$A$1001,MATCH(LARGE(Clean_Data!$AO$2:$AO$1001,$A52),Clean_Data!$AO$2:$AO$1001,0)) -> 464 | D52: =INDEX(Clean_Data!$B$2:$B$1001,MATCH(LARGE(Clean_Data!$AO$2:$AO$1001,$A52),Clean_Data!$AO$2:$AO$1001,0)) -> 40564 | E52: =INDEX(Clean_Data!$AB$2:$AB$1001,MATCH(LARGE(Clean_Data!$AO$2:$AO$1001,$A52),Clean_Data!$AO$2:$AO$1001,0)) -> 08:00 | F52: =INDEX(Clean_Data!$AA$2:$AA$1001,MATCH(LARGE(Clean_Data!$AO$2:$AO$1001,$A52),Clean_Data!$AO$2:$AO$1001,0)) -> Clear | G52: =INDEX(Clean_Data!$W$2:$W$1001,MATCH(LARGE(Clean_Data!$AO$2:$AO$1001,$A52),Clean_Data!$AO$2:$AO$1001,0)) -> Weekday | H52: =INDEX(Clean_Data!$AD$2:$AD$1001,MATCH(LARGE(Clean_Data!$AO$2:$AO$1001,$A52),Clean_Data!$AO$2:$AO$1001,0)) -> 8.2
A53: 10 | B53: =INT(LARGE(Clean_Data!$AO$2:$AO$1001,A53)) -> 217 | C53: =INDEX(Clean_Data!$A$2:$A$1001,MATCH(LARGE(Clean_Data!$AO$2:$AO$1001,$A53),Clean_Data!$AO$2:$AO$1001,0)) -> 240 | D53: =INDEX(Clean_Data!$B$2:$B$1001,MATCH(LARGE(Clean_Data!$AO$2:$AO$1001,$A53),Clean_Data!$AO$2:$AO$1001,0)) -> 40554 | E53: =INDEX(Clean_Data!$AB$2:$AB$1001,MATCH(LARGE(Clean_Data!$AO$2:$AO$1001,$A53),Clean_Data!$AO$2:$AO$1001,0)) -> 08:00 | F53: =INDEX(Clean_Data!$AA$2:$AA$1001,MATCH(LARGE(Clean_Data!$AO$2:$AO$1001,$A53),Clean_Data!$AO$2:$AO$1001,0)) -> Mist/Cloudy | G53: =INDEX(Clean_Data!$W$2:$W$1001,MATCH(LARGE(Clean_Data!$AO$2:$AO$1001,$A53),Clean_Data!$AO$2:$AO$1001,0)) -> Weekday | H53: =INDEX(Clean_Data!$AD$2:$AD$1001,MATCH(LARGE(Clean_Data!$AO$2:$AO$1001,$A53),Clean_Data!$AO$2:$AO$1001,0)) -> 7.4
A56: E. Conditional formatting: average demand by hour (data bars, top 3 green, bottom 3 red)
A57: Hour | B57: Avg rentals | C57: Total rentals
A58: =T4_Pivots!B9 -> 00:00 | B58: =T4_Pivots!E9 -> 16.348837 | C58: =T4_Pivots!D9 -> 703
A59: =T4_Pivots!B10 -> 01:00 | B59: =T4_Pivots!E10 -> 10.697674 | C59: =T4_Pivots!D10 -> 460
A60: =T4_Pivots!B11 -> 02:00 | B60: =T4_Pivots!E11 -> 7.1707317 | C60: =T4_Pivots!D11 -> 294
A61: =T4_Pivots!B12 -> 03:00 | B61: =T4_Pivots!E12 -> 4.8709677 | C61: =T4_Pivots!D12 -> 151
A62: =T4_Pivots!B13 -> 04:00 | B62: =T4_Pivots!E13 -> 2.15625 | C62: =T4_Pivots!D13 -> 69
A63: =T4_Pivots!B14 -> 05:00 | B63: =T4_Pivots!E14 -> 4.2051282 | C63: =T4_Pivots!D14 -> 164
A64: =T4_Pivots!B15 -> 06:00 | B64: =T4_Pivots!E15 -> 19.571429 | C64: =T4_Pivots!D15 -> 822
A65: =T4_Pivots!B16 -> 07:00 | B65: =T4_Pivots!E16 -> 54.395349 | C65: =T4_Pivots!D16 -> 2339
A66: =T4_Pivots!B17 -> 08:00 | B66: =T4_Pivots!E17 -> 128.28571 | C66: =T4_Pivots!D17 -> 5388
A67: =T4_Pivots!B18 -> 09:00 | B67: =T4_Pivots!E18 -> 87.428571 | C67: =T4_Pivots!D18 -> 3672
A68: =T4_Pivots!B19 -> 10:00 | B68: =T4_Pivots!E19 -> 53.642857 | C68: =T4_Pivots!D19 -> 2253
A69: =T4_Pivots!B20 -> 11:00 | B69: =T4_Pivots!E20 -> 59.380952 | C69: =T4_Pivots!D20 -> 2494
... A81: =T4_Pivots!B32 -> 23:00 | B81: =T4_Pivots!E32 -> 25.186047 | C81: =T4_Pivots!D32 -> 1083
A83: Sorting and filtering: Clean_Data is sorted ascending by instant (dataset_3 arrived unsorted) and carries an AutoFilter; use Ctrl+Shift+L, then filter e.g. day_type = Weekend and demand_level = High - the SUBTOTAL cells above respond to the filter.

Sheet T3_Logic_Lookup
A1: Task 3 - Conditional logic and lookup functions
A2: Yellow cells are inputs. IF / nested IF classify each record; VLOOKUP, INDEX and MATCH pull information from the tables.
A4: A. IF classification on selected records (type any instant from 1 to 1000)
A5: instant | B5: Date | C5: Hour | D5: Weekday no. | E5: Day type IF() | F5: Weather code | G5: Weather VLOOKUP() | H5: Temp (C) | I5: Comfort nested IF() | J5: Rentals | K5: Demand class nested IF() | L5: Peak window IF(OR(AND())) | M5: Time block VLOOKUP approx
A6: 1 | B6: =INDEX(Clean_Data!$B$2:$B$1001,MATCH($A6,Clean_Data!$A$2:$A$1001,0)) -> 40544 | C6: =INDEX(Clean_Data!$F$2:$F$1001,MATCH($A6,Clean_Data!$A$2:$A$1001,0)) -> 0 | D6: =INDEX(Clean_Data!$H$2:$H$1001,MATCH($A6,Clean_Data!$A$2:$A$1001,0)) -> 6 | E6: =IF(OR(D6=0,D6=6),"Weekend","Weekday") -> Weekend | F6: =INDEX(Clean_Data!$I$2:$I$1001,MATCH($A6,Clean_Data!$A$2:$A$1001,0)) -> 1 | G6: =VLOOKUP(F6,Lookups!$A$4:$B$7,2,FALSE) -> Clear | H6: =INDEX(Clean_Data!$AD$2:$AD$1001,MATCH($A6,Clean_Data!$A$2:$A$1001,0)) -> 9.8 | I6: =IF(H6<5,"Very cold",IF(H6<10,"Cold",IF(H6<15,"Cool","Mild"))) -> Cold | J6: =INDEX(Clean_Data!$P$2:$P$1001,MATCH($A6,Clean_Data!$A$2:$A$1001,0)) -> 16 | K6: =IF(J6>=Lookups!$K$7,"High",IF(J6<=Lookups!$K$8,"Low","Medium")) -> Low | L6: =IF(OR(AND(C6>=7,C6<=9),AND(C6>=16,C6<=19)),"Peak","Off-peak") -> Off-peak | M6: =VLOOKUP(C6,Lookups!$G$4:$H$8,2,TRUE) -> Night (00-05)
A7: 8 | B7: =INDEX(Clean_Data!$B$2:$B$1001,MATCH($A7,Clean_Data!$A$2:$A$1001,0)) -> 40544 | C7: =INDEX(Clean_Data!$F$2:$F$1001,MATCH($A7,Clean_Data!$A$2:$A$1001,0)) -> 7 | D7: =INDEX(Clean_Data!$H$2:$H$1001,MATCH($A7,Clean_Data!$A$2:$A$1001,0)) -> 6 | E7: =IF(OR(D7=0,D7=6),"Weekend","Weekday") -> Weekend | F7: =INDEX(Clean_Data!$I$2:$I$1001,MATCH($A7,Clean_Data!$A$2:$A$1001,0)) -> 1 | G7: =VLOOKUP(F7,Lookups!$A$4:$B$7,2,FALSE) -> Clear | H7: =INDEX(Clean_Data!$AD$2:$AD$1001,MATCH($A7,Clean_Data!$A$2:$A$1001,0)) -> 8.2 | I7: =IF(H7<5,"Very cold",IF(H7<10,"Cold",IF(H7<15,"Cool","Mild"))) -> Cold | J7: =INDEX(Clean_Data!$P$2:$P$1001,MATCH($A7,Clean_Data!$A$2:$A$1001,0)) -> 3 | K7: =IF(J7>=Lookups!$K$7,"High",IF(J7<=Lookups!$K$8,"Low","Medium")) -> Low | L7: =IF(OR(AND(C7>=7,C7<=9),AND(C7>=16,C7<=19)),"Peak","Off-peak") -> Peak | M7: =VLOOKUP(C7,Lookups!$G$4:$H$8,2,TRUE) -> Morning Peak (06-09)
A8: 18 | B8: =INDEX(Clean_Data!$B$2:$B$1001,MATCH($A8,Clean_Data!$A$2:$A$1001,0)) -> 40544 | C8: =INDEX(Clean_Data!$F$2:$F$1001,MATCH($A8,Clean_Data!$A$2:$A$1001,0)) -> 17 | D8: =INDEX(Clean_Data!$H$2:$H$1001,MATCH($A8,Clean_Data!$A$2:$A$1001,0)) -> 6 | E8: =IF(OR(D8=0,D8=6),"Weekend","Weekday") -> Weekend | F8: =INDEX(Clean_Data!$I$2:$I$1001,MATCH($A8,Clean_Data!$A$2:$A$1001,0)) -> 2 | G8: =VLOOKUP(F8,Lookups!$A$4:$B$7,2,FALSE) -> Mist/Cloudy | H8: =INDEX(Clean_Data!$AD$2:$AD$1001,MATCH($A8,Clean_Data!$A$2:$A$1001,0)) -> 18 | I8: =IF(H8<5,"Very cold",IF(H8<10,"Cold",IF(H8<15,"Cool","Mild"))) -> Mild | J8: =INDEX(Clean_Data!$P$2:$P$1001,MATCH($A8,Clean_Data!$A$2:$A$1001,0)) -> 67 | K8: =IF(J8>=Lookups!$K$7,"High",IF(J8<=Lookups!$K$8,"Low","Medium")) -> Medium | L8: =IF(OR(AND(C8>=7,C8<=9),AND(C8>=16,C8<=19)),"Peak","Off-peak") -> Peak | M8: =VLOOKUP(C8,Lookups!$G$4:$H$8,2,TRUE) -> Evening Peak (16-19)
A9: 50 | B9: =INDEX(Clean_Data!$B$2:$B$1001,MATCH($A9,Clean_Data!$A$2:$A$1001,0)) -> 40546 | C9: =INDEX(Clean_Data!$F$2:$F$1001,MATCH($A9,Clean_Data!$A$2:$A$1001,0)) -> 4 | D9: =INDEX(Clean_Data!$H$2:$H$1001,MATCH($A9,Clean_Data!$A$2:$A$1001,0)) -> 1 | E9: =IF(OR(D9=0,D9=6),"Weekend","Weekday") -> Weekday | F9: =INDEX(Clean_Data!$I$2:$I$1001,MATCH($A9,Clean_Data!$A$2:$A$1001,0)) -> 1 | G9: =VLOOKUP(F9,Lookups!$A$4:$B$7,2,FALSE) -> Clear | H9: =INDEX(Clean_Data!$AD$2:$AD$1001,MATCH($A9,Clean_Data!$A$2:$A$1001,0)) -> 6.6 | I9: =IF(H9<5,"Very cold",IF(H9<10,"Cold",IF(H9<15,"Cool","Mild"))) -> Cold | J9: =INDEX(Clean_Data!$P$2:$P$1001,MATCH($A9,Clean_Data!$A$2:$A$1001,0)) -> 1 | K9: =IF(J9>=Lookups!$K$7,"High",IF(J9<=Lookups!$K$8,"Low","Medium")) -> Low | L9: =IF(OR(AND(C9>=7,C9<=9),AND(C9>=16,C9<=19)),"Peak","Off-peak") -> Off-peak | M9: =VLOOKUP(C9,Lookups!$G$4:$H$8,2,TRUE) -> Night (00-05)
A10: 120 | B10: =INDEX(Clean_Data!$B$2:$B$1001,MATCH($A10,Clean_Data!$A$2:$A$1001,0)) -> 40549 | C10: =INDEX(Clean_Data!$F$2:$F$1001,MATCH($A10,Clean_Data!$A$2:$A$1001,0)) -> 5 | D10: =INDEX(Clean_Data!$H$2:$H$1001,MATCH($A10,Clean_Data!$A$2:$A$1001,0)) -> 4 | E10: =IF(OR(D10=0,D10=6),"Weekend","Weekday") -> Weekday | F10: =INDEX(Clean_Data!$I$2:$I$1001,MATCH($A10,Clean_Data!$A$2:$A$1001,0)) -> 2 | G10: =VLOOKUP(F10,Lookups!$A$4:$B$7,2,FALSE) -> Mist/Cloudy | H10: =INDEX(Clean_Data!$AD$2:$AD$1001,MATCH($A10,Clean_Data!$A$2:$A$1001,0)) -> 5.7 | I10: =IF(H10<5,"Very cold",IF(H10<10,"Cold",IF(H10<15,"Cool","Mild"))) -> Cold | J10: =INDEX(Clean_Data!$P$2:$P$1001,MATCH($A10,Clean_Data!$A$2:$A$1001,0)) -> 4 | K10: =IF(J10>=Lookups!$K$7,"High",IF(J10<=Lookups!$K$8,"Low","Medium")) -> Low | L10: =IF(OR(AND(C10>=7,C10<=9),AND(C10>=16,C10<=19)),"Peak","Off-peak") -> Off-peak | M10: =VLOOKUP(C10,Lookups!$G$4:$H$8,2,TRUE) -> Night (00-05)
A11: 200 | B11: =INDEX(Clean_Data!$B$2:$B$1001,MATCH($A11,Clean_Data!$A$2:$A$1001,0)) -> 40552 | C11: =INDEX(Clean_Data!$F$2:$F$1001,MATCH($A11,Clean_Data!$A$2:$A$1001,0)) -> 14 | D11: =INDEX(Clean_Data!$H$2:$H$1001,MATCH($A11,Clean_Data!$A$2:$A$1001,0)) -> 0 | E11: =IF(OR(D11=0,D11=6),"Weekend","Weekday") -> Weekend | F11: =INDEX(Clean_Data!$I$2:$I$1001,MATCH($A11,Clean_Data!$A$2:$A$1001,0)) -> 1 | G11: =VLOOKUP(F11,Lookups!$A$4:$B$7,2,FALSE) -> Clear | H11: =INDEX(Clean_Data!$AD$2:$AD$1001,MATCH($A11,Clean_Data!$A$2:$A$1001,0)) -> 9 | I11: =IF(H11<5,"Very cold",IF(H11<10,"Cold",IF(H11<15,"Cool","Mild"))) -> Cold | J11: =INDEX(Clean_Data!$P$2:$P$1001,MATCH($A11,Clean_Data!$A$2:$A$1001,0)) -> 72 | K11: =IF(J11>=Lookups!$K$7,"High",IF(J11<=Lookups!$K$8,"Low","Medium")) -> Medium | L11: =IF(OR(AND(C11>=7,C11<=9),AND(C11>=16,C11<=19)),"Peak","Off-peak") -> Off-peak | M11: =VLOOKUP(C11,Lookups!$G$4:$H$8,2,TRUE) -> Midday (10-15)
A12: 305 | B12: =INDEX(Clean_Data!$B$2:$B$1001,MATCH($A12,Clean_Data!$A$2:$A$1001,0)) -> 40557 | C12: =INDEX(Clean_Data!$F$2:$F$1001,MATCH($A12,Clean_Data!$A$2:$A$1001,0)) -> 3 | D12: =INDEX(Clean_Data!$H$2:$H$1001,MATCH($A12,Clean_Data!$A$2:$A$1001,0)) -> 5 | E12: =IF(OR(D12=0,D12=6),"Weekend","Weekday") -> Weekday | F12: =INDEX(Clean_Data!$I$2:$I$1001,MATCH($A12,Clean_Data!$A$2:$A$1001,0)) -> 1 | G12: =VLOOKUP(F12,Lookups!$A$4:$B$7,2,FALSE) -> Clear | H12: =INDEX(Clean_Data!$AD$2:$AD$1001,MATCH($A12,Clean_Data!$A$2:$A$1001,0)) -> 4.1 | I12: =IF(H12<5,"Very cold",IF(H12<10,"Cold",IF(H12<15,"Cool","Mild"))) -> Very cold | J12: =INDEX(Clean_Data!$P$2:$P$1001,MATCH($A12,Clean_Data!$A$2:$A$1001,0)) -> 1 | K12: =IF(J12>=Lookups!$K$7,"High",IF(J12<=Lookups!$K$8,"Low","Medium")) -> Low | L12: =IF(OR(AND(C12>=7,C12<=9),AND(C12>=16,C12<=19)),"Peak","Off-peak") -> Off-peak | M12: =VLOOKUP(C12,Lookups!$G$4:$H$8,2,TRUE) -> Night (00-05)
A13: 400 | B13: =INDEX(Clean_Data!$B$2:$B$1001,MATCH($A13,Clean_Data!$A$2:$A$1001,0)) -> 40561 | C13: =INDEX(Clean_Data!$F$2:$F$1001,MATCH($A13,Clean_Data!$A$2:$A$1001,0)) -> 15 | D13: =INDEX(Clean_Data!$H$2:$H$1001,MATCH($A13,Clean_Data!$A$2:$A$1001,0)) -> 2 | E13: =IF(OR(D13=0,D13=6),"Weekend","Weekday") -> Weekday | F13: =INDEX(Clean_Data!$I$2:$I$1001,MATCH($A13,Clean_Data!$A$2:$A$1001,0)) -> 2 | G13: =VLOOKUP(F13,Lookups!$A$4:$B$7,2,FALSE) -> Mist/Cloudy | H13: =INDEX(Clean_Data!$AD$2:$AD$1001,MATCH($A13,Clean_Data!$A$2:$A$1001,0)) -> 9 | I13: =IF(H13<5,"Very cold",IF(H13<10,"Cold",IF(H13<15,"Cool","Mild"))) -> Cold | J13: =INDEX(Clean_Data!$P$2:$P$1001,MATCH($A13,Clean_Data!$A$2:$A$1001,0)) -> 35 | K13: =IF(J13>=Lookups!$K$7,"High",IF(J13<=Lookups!$K$8,"Low","Medium")) -> Medium | L13: =IF(OR(AND(C13>=7,C13<=9),AND(C13>=16,C13<=19)),"Peak","Off-peak") -> Off-peak | M13: =VLOOKUP(C13,Lookups!$G$4:$H$8,2,TRUE) -> Midday (10-15)
A14: 481 | B14: =INDEX(Clean_Data!$B$2:$B$1001,MATCH($A14,Clean_Data!$A$2:$A$1001,0)) -> 40565 | C14: =INDEX(Clean_Data!$F$2:$F$1001,MATCH($A14,Clean_Data!$A$2:$A$1001,0)) -> 1 | D14: =INDEX(Clean_Data!$H$2:$H$1001,MATCH($A14,Clean_Data!$A$2:$A$1001,0)) -> 6 | E14: =IF(OR(D14=0,D14=6),"Weekend","Weekday") -> Weekend | F14: =INDEX(Clean_Data!$I$2:$I$1001,MATCH($A14,Clean_Data!$A$2:$A$1001,0)) -> 2 | G14: =VLOOKUP(F14,Lookups!$A$4:$B$7,2,FALSE) -> Mist/Cloudy | H14: =INDEX(Clean_Data!$AD$2:$AD$1001,MATCH($A14,Clean_Data!$A$2:$A$1001,0)) -> 1.6 | I14: =IF(H14<5,"Very cold",IF(H14<10,"Cold",IF(H14<15,"Cool","Mild"))) -> Very cold | J14: =INDEX(Clean_Data!$P$2:$P$1001,MATCH($A14,Clean_Data!$A$2:$A$1001,0)) -> 12 | K14: =IF(J14>=Lookups!$K$7,"High",IF(J14<=Lookups!$K$8,"Low","Medium")) -> Low | L14: =IF(OR(AND(C14>=7,C14<=9),AND(C14>=16,C14<=19)),"Peak","Off-peak") -> Off-peak | M14: =VLOOKUP(C14,Lookups!$G$4:$H$8,2,TRUE) -> Night (00-05)
A15: 574 | B15: =INDEX(Clean_Data!$B$2:$B$1001,MATCH($A15,Clean_Data!$A$2:$A$1001,0)) -> 40569 | C15: =INDEX(Clean_Data!$F$2:$F$1001,MATCH($A15,Clean_Data!$A$2:$A$1001,0)) -> 2 | D15: =INDEX(Clean_Data!$H$2:$H$1001,MATCH($A15,Clean_Data!$A$2:$A$1001,0)) -> 3 | E15: =IF(OR(D15=0,D15=6),"Weekend","Weekday") -> Weekday | F15: =INDEX(Clean_Data!$I$2:$I$1001,MATCH($A15,Clean_Data!$A$2:$A$1001,0)) -> 3 | G15: =VLOOKUP(F15,Lookups!$A$4:$B$7,2,FALSE) -> Light Rain/Snow | H15: =INDEX(Clean_Data!$AD$2:$AD$1001,MATCH($A15,Clean_Data!$A$2:$A$1001,0)) -> 9 | I15: =IF(H15<5,"Very cold",IF(H15<10,"Cold",IF(H15<15,"Cool","Mild"))) -> Cold | J15: =INDEX(Clean_Data!$P$2:$P$1001,MATCH($A15,Clean_Data!$A$2:$A$1001,0)) -> 10 | K15: =IF(J15>=Lookups!$K$7,"High",IF(J15<=Lookups!$K$8,"Low","Medium")) -> Low | L15: =IF(OR(AND(C15>=7,C15<=9),AND(C15>=16,C15<=19)),"Peak","Off-peak") -> Off-peak | M15: =VLOOKUP(C15,Lookups!$G$4:$H$8,2,TRUE) -> Night (00-05)
A16: 586 | B16: =INDEX(Clean_Data!$B$2:$B$1001,MATCH($A16,Clean_Data!$A$2:$A$1001,0)) -> 40569 | C16: =INDEX(Clean_Data!$F$2:$F$1001,MATCH($A16,Clean_Data!$A$2:$A$1001,0)) -> 16 | D16: =INDEX(Clean_Data!$H$2:$H$1001,MATCH($A16,Clean_Data!$A$2:$A$1001,0)) -> 3 | E16: =IF(OR(D16=0,D16=6),"Weekend","Weekday") -> Weekday | F16: =INDEX(Clean_Data!$I$2:$I$1001,MATCH($A16,Clean_Data!$A$2:$A$1001,0)) -> 4 | G16: =VLOOKUP(F16,Lookups!$A$4:$B$7,2,FALSE) -> Heavy Rain/Snow | H16: =INDEX(Clean_Data!$AD$2:$AD$1001,MATCH($A16,Clean_Data!$A$2:$A$1001,0)) -> 9 | I16: =IF(H16<5,"Very cold",IF(H16<10,"Cold",IF(H16<15,"Cool","Mild"))) -> Cold | J16: =INDEX(Clean_Data!$P$2:$P$1001,MATCH($A16,Clean_Data!$A$2:$A$1001,0)) -> 36 | K16: =IF(J16>=Lookups!$K$7,"High",IF(J16<=Lookups!$K$8,"Low","Medium")) -> Medium | L16: =IF(OR(AND(C16>=7,C16<=9),AND(C16>=16,C16<=19)),"Peak","Off-peak") -> Peak | M16: =VLOOKUP(C16,Lookups!$G$4:$H$8,2,TRUE) -> Evening Peak (16-19)
A17: 620 | B17: =INDEX(Clean_Data!$B$2:$B$1001,MATCH($A17,Clean_Data!$A$2:$A$1001,0)) -> 40572 | C17: =INDEX(Clean_Data!$F$2:$F$1001,MATCH($A17,Clean_Data!$A$2:$A$1001,0)) -> 1 | D17: =INDEX(Clean_Data!$H$2:$H$1001,MATCH($A17,Clean_Data!$A$2:$A$1001,0)) -> 6 | E17: =IF(OR(D17=0,D17=6),"Weekend","Weekday") -> Weekend | F17: =INDEX(Clean_Data!$I$2:$I$1001,MATCH($A17,Clean_Data!$A$2:$A$1001,0)) -> 1 | G17: =VLOOKUP(F17,Lookups!$A$4:$B$7,2,FALSE) -> Clear | H17: =INDEX(Clean_Data!$AD$2:$AD$1001,MATCH($A17,Clean_Data!$A$2:$A$1001,0)) -> 9 | I17: =IF(H17<5,"Very cold",IF(H17<10,"Cold",IF(H17<15,"Cool","Mild"))) -> Cold | J17: =INDEX(Clean_Data!$P$2:$P$1001,MATCH($A17,Clean_Data!$A$2:$A$1001,0)) -> 20 | K17: =IF(J17>=Lookups!$K$7,"High",IF(J17<=Lookups!$K$8,"Low","Medium")) -> Medium | L17: =IF(OR(AND(C17>=7,C17<=9),AND(C17>=16,C17<=19)),"Peak","Off-peak") -> Off-peak | M17: =VLOOKUP(C17,Lookups!$G$4:$H$8,2,TRUE) -> Night (00-05)
... A20: 1000 | B20: =INDEX(Clean_Data!$B$2:$B$1001,MATCH($A20,Clean_Data!$A$2:$A$1001,0)) -> 40588 | C20: =INDEX(Clean_Data!$F$2:$F$1001,MATCH($A20,Clean_Data!$A$2:$A$1001,0)) -> 7 | D20: =INDEX(Clean_Data!$H$2:$H$1001,MATCH($A20,Clean_Data!$A$2:$A$1001,0)) -> 1 | E20: =IF(OR(D20=0,D20=6),"Weekend","Weekday") -> Weekday | F20: =INDEX(Clean_Data!$I$2:$I$1001,MATCH($A20,Clean_Data!$A$2:$A$1001,0)) -> 1 | G20: =VLOOKUP(F20,Lookups!$A$4:$B$7,2,FALSE) -> Clear | H20: =INDEX(Clean_Data!$AD$2:$AD$1001,MATCH($A20,Clean_Data!$A$2:$A$1001,0)) -> 13.9 | I20: =IF(H20<5,"Very cold",IF(H20<10,"Cold",IF(H20<15,"Cool","Mild"))) -> Cool | J20: =INDEX(Clean_Data!$P$2:$P$1001,MATCH($A20,Clean_Data!$A$2:$A$1001,0)) -> 98 | K20: =IF(J20>=Lookups!$K$7,"High",IF(J20<=Lookups!$K$8,"Low","Medium")) -> High | L20: =IF(OR(AND(C20>=7,C20<=9),AND(C20>=16,C20<=19)),"Peak","Off-peak") -> Peak | M20: =VLOOKUP(C20,Lookups!$G$4:$H$8,2,TRUE) -> Morning Peak (06-09)
A22: B. Record finder: INDEX + MATCH (row by instant, column by header name) | D22: C. Two-way lookup: average rentals for a chosen weekday and hour
A23: Enter instant | B23: 500 | D23: Weekday | E23: Fri | F23: Hour | G23: 17
A24: Field | B24: Value | D24: Average rentals | E24: =INDEX(T4_Pivots!$B$157:$H$180,MATCH($G$23,T4_Pivots!$A$157:$A$180,0),MATCH($E$23,T4_Pivots!$B$156:$H$156,0)) -> 178.66667
A25: dteday | B25: =INDEX(Clean_Data!$A$2:$AR$1001,MATCH($B$23,Clean_Data!$A$2:$A$1001,0),MATCH($A25,Clean_Data!$A$1:$AR$1,0)) -> 40565
A26: hr | B26: =INDEX(Clean_Data!$A$2:$AR$1001,MATCH($B$23,Clean_Data!$A$2:$A$1001,0),MATCH($A26,Clean_Data!$A$1:$AR$1,0)) -> 21 | D26: Time block for that hour (VLOOKUP, approximate match)
A27: weathersit | B27: =INDEX(Clean_Data!$A$2:$AR$1001,MATCH($B$23,Clean_Data!$A$2:$A$1001,0),MATCH($A27,Clean_Data!$A$1:$AR$1,0)) -> 1 | D27: =VLOOKUP($G$23,Lookups!$G$4:$H$8,2,TRUE) -> Evening Peak (16-19)
A28: weather_name | B28: =INDEX(Clean_Data!$A$2:$AR$1001,MATCH($B$23,Clean_Data!$A$2:$A$1001,0),MATCH($A28,Clean_Data!$A$1:$AR$1,0)) -> Clear
A29: temp_c | B29: =INDEX(Clean_Data!$A$2:$AR$1001,MATCH($B$23,Clean_Data!$A$2:$A$1001,0),MATCH($A29,Clean_Data!$A$1:$AR$1,0)) -> 2.5 | D29: Same answer with INDEX / MATCH on the pivot table:
A30: feels_like_c | B30: =INDEX(Clean_Data!$A$2:$AR$1001,MATCH($B$23,Clean_Data!$A$2:$A$1001,0),MATCH($A30,Clean_Data!$A$1:$AR$1,0)) -> 5.3 | D30: Hour total rentals | E30: =INDEX(T4_Pivots!$D$9:$D$32,MATCH($G$23,T4_Pivots!$A$9:$A$32,0)) -> 6169
A31: humidity_pct | B31: =INDEX(Clean_Data!$A$2:$AR$1001,MATCH($B$23,Clean_Data!$A$2:$A$1001,0),MATCH($A31,Clean_Data!$A$1:$AR$1,0)) -> 41
A32: windspeed_kmh | B32: =INDEX(Clean_Data!$A$2:$AR$1001,MATCH($B$23,Clean_Data!$A$2:$A$1001,0),MATCH($A32,Clean_Data!$A$1:$AR$1,0)) -> 6
A33: casual | B33: =INDEX(Clean_Data!$A$2:$AR$1001,MATCH($B$23,Clean_Data!$A$2:$A$1001,0),MATCH($A33,Clean_Data!$A$1:$AR$1,0)) -> 0
A34: registered | B34: =INDEX(Clean_Data!$A$2:$AR$1001,MATCH($B$23,Clean_Data!$A$2:$A$1001,0),MATCH($A34,Clean_Data!$A$1:$AR$1,0)) -> 39
A35: cnt | B35: =INDEX(Clean_Data!$A$2:$AR$1001,MATCH($B$23,Clean_Data!$A$2:$A$1001,0),MATCH($A35,Clean_Data!$A$1:$AR$1,0)) -> 39
A36: source | B36: =INDEX(Clean_Data!$A$2:$AR$1001,MATCH($B$23,Clean_Data!$A$2:$A$1001,0),MATCH($A36,Clean_Data!$A$1:$AR$1,0)) -> D1+D2
A37: atemp_status | B37: =INDEX(Clean_Data!$A$2:$AR$1001,MATCH($B$23,Clean_Data!$A$2:$A$1001,0),MATCH($A37,Clean_Data!$A$1:$AR$1,0)) -> Original
A38: day_type | B38: =INDEX(Clean_Data!$A$2:$AR$1001,MATCH($B$23,Clean_Data!$A$2:$A$1001,0),MATCH($A38,Clean_Data!$A$1:$AR$1,0)) -> Weekend
A39: demand_level | B39: =INDEX(Clean_Data!$A$2:$AR$1001,MATCH($B$23,Clean_Data!$A$2:$A$1001,0),MATCH($A39,Clean_Data!$A$1:$AR$1,0)) -> Medium
A40: anomaly_flag | B40: =INDEX(Clean_Data!$A$2:$AR$1001,MATCH($B$23,Clean_Data!$A$2:$A$1001,0),MATCH($A40,Clean_Data!$A$1:$AR$1,0)) -> Normal

Sheet T4_Pivots
A1: Pivot-style summaries (formula driven - they refresh automatically)
A2: Built with COUNTIFS / SUMIFS on Clean_Data (duplicates excluded). Calculated fields: Avg per hour, Registered share, Index vs overall average. Real PivotTables can be generated with macro BuildPivotTables (Module_Pivots).
A3: Scope | C3: Records | D3: Total rentals | E3: Avg / hour | F3: Avg casual | G3: Avg registered | H3: Registered share | I3: Index
A4: All data | C4: =COUNTIFS(Clean_Data!$V$2:$V$1001,1) -> 1000 | D4: =SUMIFS(Clean_Data!$P$2:$P$1001,Clean_Data!$V$2:$V$1001,1) -> 58304 | E4: =IFERROR(D4/C4,0) -> 58.304 | F4: =IFERROR(SUMIFS(Clean_Data!$N$2:$N$1001,Clean_Data!$V$2:$V$1001,1)/C4,0) -> 4.921 | G4: =IFERROR(SUMIFS(Clean_Data!$O$2:$O$1001,Clean_Data!$V$2:$V$1001,1)/C4,0) -> 53.383 | H4: =IFERROR(SUMIFS(Clean_Data!$O$2:$O$1001,Clean_Data!$V$2:$V$1001,1)/D4,0) -> 0.91559756 | I4: 100
A7: Pivot 1 - Demand by hour of day
A8: Key | B8: Label | C8: Records | D8: Total rentals | E8: Avg / hour | F8: Avg casual | G8: Avg registered | H8: Registered share | I8: Index (all=100)
A9: 0 | B9: =TEXT(A9,"00")&":00" -> 00:00 | C9: =COUNTIFS(Clean_Data!$F$2:$F$1001,$A9,Clean_Data!$V$2:$V$1001,1) -> 43 | D9: =SUMIFS(Clean_Data!$P$2:$P$1001,Clean_Data!$F$2:$F$1001,$A9,Clean_Data!$V$2:$V$1001,1) -> 703 | E9: =IFERROR(D9/C9,0) -> 16.348837 | F9: =IFERROR(SUMIFS(Clean_Data!$N$2:$N$1001,Clean_Data!$F$2:$F$1001,$A9,Clean_Data!$V$2:$V$1001,1)/C9,0) -> 1.7209302 | G9: =IFERROR(SUMIFS(Clean_Data!$O$2:$O$1001,Clean_Data!$F$2:$F$1001,$A9,Clean_Data!$V$2:$V$1001,1)/C9,0) -> 14.627907 | H9: =IFERROR(SUMIFS(Clean_Data!$O$2:$O$1001,Clean_Data!$F$2:$F$1001,$A9,Clean_Data!$V$2:$V$1001,1)/D9,0) -> 0.89473684 | I9: =IFERROR(E9/$E$4*100,0) -> 28.040679
A10: 1 | B10: =TEXT(A10,"00")&":00" -> 01:00 | C10: =COUNTIFS(Clean_Data!$F$2:$F$1001,$A10,Clean_Data!$V$2:$V$1001,1) -> 43 | D10: =SUMIFS(Clean_Data!$P$2:$P$1001,Clean_Data!$F$2:$F$1001,$A10,Clean_Data!$V$2:$V$1001,1) -> 460 | E10: =IFERROR(D10/C10,0) -> 10.697674 | F10: =IFERROR(SUMIFS(Clean_Data!$N$2:$N$1001,Clean_Data!$F$2:$F$1001,$A10,Clean_Data!$V$2:$V$1001,1)/C10,0) -> 1.1162791 | G10: =IFERROR(SUMIFS(Clean_Data!$O$2:$O$1001,Clean_Data!$F$2:$F$1001,$A10,Clean_Data!$V$2:$V$1001,1)/C10,0) -> 9.5813953 | H10: =IFERROR(SUMIFS(Clean_Data!$O$2:$O$1001,Clean_Data!$F$2:$F$1001,$A10,Clean_Data!$V$2:$V$1001,1)/D10,0) -> 0.89565217 | I10: =IFERROR(E10/$E$4*100,0) -> 18.348097
A11: 2 | B11: =TEXT(A11,"00")&":00" -> 02:00 | C11: =COUNTIFS(Clean_Data!$F$2:$F$1001,$A11,Clean_Data!$V$2:$V$1001,1) -> 41 | D11: =SUMIFS(Clean_Data!$P$2:$P$1001,Clean_Data!$F$2:$F$1001,$A11,Clean_Data!$V$2:$V$1001,1) -> 294 | E11: =IFERROR(D11/C11,0) -> 7.1707317 | F11: =IFERROR(SUMIFS(Clean_Data!$N$2:$N$1001,Clean_Data!$F$2:$F$1001,$A11,Clean_Data!$V$2:$V$1001,1)/C11,0) -> 0.80487805 | G11: =IFERROR(SUMIFS(Clean_Data!$O$2:$O$1001,Clean_Data!$F$2:$F$1001,$A11,Clean_Data!$V$2:$V$1001,1)/C11,0) -> 6.3658537 | H11: =IFERROR(SUMIFS(Clean_Data!$O$2:$O$1001,Clean_Data!$F$2:$F$1001,$A11,Clean_Data!$V$2:$V$1001,1)/D11,0) -> 0.8877551 | I11: =IFERROR(E11/$E$4*100,0) -> 12.298868
A12: 3 | B12: =TEXT(A12,"00")&":00" -> 03:00 | C12: =COUNTIFS(Clean_Data!$F$2:$F$1001,$A12,Clean_Data!$V$2:$V$1001,1) -> 31 | D12: =SUMIFS(Clean_Data!$P$2:$P$1001,Clean_Data!$F$2:$F$1001,$A12,Clean_Data!$V$2:$V$1001,1) -> 151 | E12: =IFERROR(D12/C12,0) -> 4.8709677 | F12: =IFERROR(SUMIFS(Clean_Data!$N$2:$N$1001,Clean_Data!$F$2:$F$1001,$A12,Clean_Data!$V$2:$V$1001,1)/C12,0) -> 1.0967742 | G12: =IFERROR(SUMIFS(Clean_Data!$O$2:$O$1001,Clean_Data!$F$2:$F$1001,$A12,Clean_Data!$V$2:$V$1001,1)/C12,0) -> 3.7741935 | H12: =IFERROR(SUMIFS(Clean_Data!$O$2:$O$1001,Clean_Data!$F$2:$F$1001,$A12,Clean_Data!$V$2:$V$1001,1)/D12,0) -> 0.77483444 | I12: =IFERROR(E12/$E$4*100,0) -> 8.3544315
A13: 4 | B13: =TEXT(A13,"00")&":00" -> 04:00 | C13: =COUNTIFS(Clean_Data!$F$2:$F$1001,$A13,Clean_Data!$V$2:$V$1001,1) -> 32 | D13: =SUMIFS(Clean_Data!$P$2:$P$1001,Clean_Data!$F$2:$F$1001,$A13,Clean_Data!$V$2:$V$1001,1) -> 69 | E13: =IFERROR(D13/C13,0) -> 2.15625 | F13: =IFERROR(SUMIFS(Clean_Data!$N$2:$N$1001,Clean_Data!$F$2:$F$1001,$A13,Clean_Data!$V$2:$V$1001,1)/C13,0) -> 0.21875 | G13: =IFERROR(SUMIFS(Clean_Data!$O$2:$O$1001,Clean_Data!$F$2:$F$1001,$A13,Clean_Data!$V$2:$V$1001,1)/C13,0) -> 1.9375 | H13: =IFERROR(SUMIFS(Clean_Data!$O$2:$O$1001,Clean_Data!$F$2:$F$1001,$A13,Clean_Data!$V$2:$V$1001,1)/D13,0) -> 0.89855072 | I13: =IFERROR(E13/$E$4*100,0) -> 3.6982883
A14: 5 | B14: =TEXT(A14,"00")&":00" -> 05:00 | C14: =COUNTIFS(Clean_Data!$F$2:$F$1001,$A14,Clean_Data!$V$2:$V$1001,1) -> 39 | D14: =SUMIFS(Clean_Data!$P$2:$P$1001,Clean_Data!$F$2:$F$1001,$A14,Clean_Data!$V$2:$V$1001,1) -> 164 | E14: =IFERROR(D14/C14,0) -> 4.2051282 | F14: =IFERROR(SUMIFS(Clean_Data!$N$2:$N$1001,Clean_Data!$F$2:$F$1001,$A14,Clean_Data!$V$2:$V$1001,1)/C14,0) -> 0.076923077 | G14: =IFERROR(SUMIFS(Clean_Data!$O$2:$O$1001,Clean_Data!$F$2:$F$1001,$A14,Clean_Data!$V$2:$V$1001,1)/C14,0) -> 4.1282051 | H14: =IFERROR(SUMIFS(Clean_Data!$O$2:$O$1001,Clean_Data!$F$2:$F$1001,$A14,Clean_Data!$V$2:$V$1001,1)/D14,0) -> 0.98170732 | I14: =IFERROR(E14/$E$4*100,0) -> 7.212418
A15: 6 | B15: =TEXT(A15,"00")&":00" -> 06:00 | C15: =COUNTIFS(Clean_Data!$F$2:$F$1001,$A15,Clean_Data!$V$2:$V$1001,1) -> 42 | D15: =SUMIFS(Clean_Data!$P$2:$P$1001,Clean_Data!$F$2:$F$1001,$A15,Clean_Data!$V$2:$V$1001,1) -> 822 | E15: =IFERROR(D15/C15,0) -> 19.571429 | F15: =IFERROR(SUMIFS(Clean_Data!$N$2:$N$1001,Clean_Data!$F$2:$F$1001,$A15,Clean_Data!$V$2:$V$1001,1)/C15,0) -> 0.5 | G15: =IFERROR(SUMIFS(Clean_Data!$O$2:$O$1001,Clean_Data!$F$2:$F$1001,$A15,Clean_Data!$V$2:$V$1001,1)/C15,0) -> 19.071429 | H15: =IFERROR(SUMIFS(Clean_Data!$O$2:$O$1001,Clean_Data!$F$2:$F$1001,$A15,Clean_Data!$V$2:$V$1001,1)/D15,0) -> 0.97445255 | I15: =IFERROR(E15/$E$4*100,0) -> 33.5679
A16: 7 | B16: =TEXT(A16,"00")&":00" -> 07:00 | C16: =COUNTIFS(Clean_Data!$F$2:$F$1001,$A16,Clean_Data!$V$2:$V$1001,1) -> 43 | D16: =SUMIFS(Clean_Data!$P$2:$P$1001,Clean_Data!$F$2:$F$1001,$A16,Clean_Data!$V$2:$V$1001,1) -> 2339 | E16: =IFERROR(D16/C16,0) -> 54.395349 | F16: =IFERROR(SUMIFS(Clean_Data!$N$2:$N$1001,Clean_Data!$F$2:$F$1001,$A16,Clean_Data!$V$2:$V$1001,1)/C16,0) -> 1.4883721 | G16: =IFERROR(SUMIFS(Clean_Data!$O$2:$O$1001,Clean_Data!$F$2:$F$1001,$A16,Clean_Data!$V$2:$V$1001,1)/C16,0) -> 52.906977 | H16: =IFERROR(SUMIFS(Clean_Data!$O$2:$O$1001,Clean_Data!$F$2:$F$1001,$A16,Clean_Data!$V$2:$V$1001,1)/D16,0) -> 0.97263788 | I16: =IFERROR(E16/$E$4*100,0) -> 93.296084
A17: 8 | B17: =TEXT(A17,"00")&":00" -> 08:00 | C17: =COUNTIFS(Clean_Data!$F$2:$F$1001,$A17,Clean_Data!$V$2:$V$1001,1) -> 42 | D17: =SUMIFS(Clean_Data!$P$2:$P$1001,Clean_Data!$F$2:$F$1001,$A17,Clean_Data!$V$2:$V$1001,1) -> 5388 | E17: =IFERROR(D17/C17,0) -> 128.28571 | F17: =IFERROR(SUMIFS(Clean_Data!$N$2:$N$1001,Clean_Data!$F$2:$F$1001,$A17,Clean_Data!$V$2:$V$1001,1)/C17,0) -> 3.0238095 | G17: =IFERROR(SUMIFS(Clean_Data!$O$2:$O$1001,Clean_Data!$F$2:$F$1001,$A17,Clean_Data!$V$2:$V$1001,1)/C17,0) -> 125.2619 | H17: =IFERROR(SUMIFS(Clean_Data!$O$2:$O$1001,Clean_Data!$F$2:$F$1001,$A17,Clean_Data!$V$2:$V$1001,1)/D17,0) -> 0.9764291 | I17: =IFERROR(E17/$E$4*100,0) -> 220.02901
A18: 9 | B18: =TEXT(A18,"00")&":00" -> 09:00 | C18: =COUNTIFS(Clean_Data!$F$2:$F$1001,$A18,Clean_Data!$V$2:$V$1001,1) -> 42 | D18: =SUMIFS(Clean_Data!$P$2:$P$1001,Clean_Data!$F$2:$F$1001,$A18,Clean_Data!$V$2:$V$1001,1) -> 3672 | E18: =IFERROR(D18/C18,0) -> 87.428571 | F18: =IFERROR(SUMIFS(Clean_Data!$N$2:$N$1001,Clean_Data!$F$2:$F$1001,$A18,Clean_Data!$V$2:$V$1001,1)/C18,0) -> 4.0952381 | G18: =IFERROR(SUMIFS(Clean_Data!$O$2:$O$1001,Clean_Data!$F$2:$F$1001,$A18,Clean_Data!$V$2:$V$1001,1)/C18,0) -> 83.333333 | H18: =IFERROR(SUMIFS(Clean_Data!$O$2:$O$1001,Clean_Data!$F$2:$F$1001,$A18,Clean_Data!$V$2:$V$1001,1)/D18,0) -> 0.95315904 | I18: =IFERROR(E18/$E$4*100,0) -> 149.95296
A19: 10 | B19: =TEXT(A19,"00")&":00" -> 10:00 | C19: =COUNTIFS(Clean_Data!$F$2:$F$1001,$A19,Clean_Data!$V$2:$V$1001,1) -> 42 | D19: =SUMIFS(Clean_Data!$P$2:$P$1001,Clean_Data!$F$2:$F$1001,$A19,Clean_Data!$V$2:$V$1001,1) -> 2253 | E19: =IFERROR(D19/C19,0) -> 53.642857 | F19: =IFERROR(SUMIFS(Clean_Data!$N$2:$N$1001,Clean_Data!$F$2:$F$1001,$A19,Clean_Data!$V$2:$V$1001,1)/C19,0) -> 5.1428571 | G19: =IFERROR(SUMIFS(Clean_Data!$O$2:$O$1001,Clean_Data!$F$2:$F$1001,$A19,Clean_Data!$V$2:$V$1001,1)/C19,0) -> 48.5 | H19: =IFERROR(SUMIFS(Clean_Data!$O$2:$O$1001,Clean_Data!$F$2:$F$1001,$A19,Clean_Data!$V$2:$V$1001,1)/D19,0) -> 0.90412783 | I19: =IFERROR(E19/$E$4*100,0) -> 92.005449
A20: 11 | B20: =TEXT(A20,"00")&":00" -> 11:00 | C20: =COUNTIFS(Clean_Data!$F$2:$F$1001,$A20,Clean_Data!$V$2:$V$1001,1) -> 42 | D20: =SUMIFS(Clean_Data!$P$2:$P$1001,Clean_Data!$F$2:$F$1001,$A20,Clean_Data!$V$2:$V$1001,1) -> 2494 | E20: =IFERROR(D20/C20,0) -> 59.380952 | F20: =IFERROR(SUMIFS(Clean_Data!$N$2:$N$1001,Clean_Data!$F$2:$F$1001,$A20,Clean_Data!$V$2:$V$1001,1)/C20,0) -> 8.7380952 | G20: =IFERROR(SUMIFS(Clean_Data!$O$2:$O$1001,Clean_Data!$F$2:$F$1001,$A20,Clean_Data!$V$2:$V$1001,1)/C20,0) -> 50.642857 | H20: =IFERROR(SUMIFS(Clean_Data!$O$2:$O$1001,Clean_Data!$F$2:$F$1001,$A20,Clean_Data!$V$2:$V$1001,1)/D20,0) -> 0.85284683 | I20: =IFERROR(E20/$E$4*100,0) -> 101.84713
... A32: 23 | B32: =TEXT(A32,"00")&":00" -> 23:00 | C32: =COUNTIFS(Clean_Data!$F$2:$F$1001,$A32,Clean_Data!$V$2:$V$1001,1) -> 43 | D32: =SUMIFS(Clean_Data!$P$2:$P$1001,Clean_Data!$F$2:$F$1001,$A32,Clean_Data!$V$2:$V$1001,1) -> 1083 | E32: =IFERROR(D32/C32,0) -> 25.186047 | F32: =IFERROR(SUMIFS(Clean_Data!$N$2:$N$1001,Clean_Data!$F$2:$F$1001,$A32,Clean_Data!$V$2:$V$1001,1)/C32,0) -> 2.3488372 | G32: =IFERROR(SUMIFS(Clean_Data!$O$2:$O$1001,Clean_Data!$F$2:$F$1001,$A32,Clean_Data!$V$2:$V$1001,1)/C32,0) -> 22.837209 | H32: =IFERROR(SUMIFS(Clean_Data!$O$2:$O$1001,Clean_Data!$F$2:$F$1001,$A32,Clean_Data!$V$2:$V$1001,1)/D32,0) -> 0.90674054 | I32: =IFERROR(E32/$E$4*100,0) -> 43.197802
A35: Pivot 2 - Demand by day of week
A36: Key | B36: Label | C36: Records | D36: Total rentals | E36: Avg / hour | F36: Avg casual | G36: Avg registered | H36: Registered share | I36: Index (all=100)
A37: 0 | B37: =VLOOKUP(A37,Lookups!$M$4:$N$10,2,FALSE) -> Sun | C37: =COUNTIFS(Clean_Data!$H$2:$H$1001,$A37,Clean_Data!$V$2:$V$1001,1) -> 164 | D37: =SUMIFS(Clean_Data!$P$2:$P$1001,Clean_Data!$H$2:$H$1001,$A37,Clean_Data!$V$2:$V$1001,1) -> 8121 | E37: =IFERROR(D37/C37,0) -> 49.518293 | F37: =IFERROR(SUMIFS(Clean_Data!$N$2:$N$1001,Clean_Data!$H$2:$H$1001,$A37,Clean_Data!$V$2:$V$1001,1)/C37,0) -> 9.0060976 | G37: =IFERROR(SUMIFS(Clean_Data!$O$2:$O$1001,Clean_Data!$H$2:$H$1001,$A37,Clean_Data!$V$2:$V$1001,1)/C37,0) -> 40.512195 | H37: =IFERROR(SUMIFS(Clean_Data!$O$2:$O$1001,Clean_Data!$H$2:$H$1001,$A37,Clean_Data!$V$2:$V$1001,1)/D37,0) -> 0.81812585 | I37: =IFERROR(E37/$E$4*100,0) -> 84.93121
A38: 1 | B38: =VLOOKUP(A38,Lookups!$M$4:$N$10,2,FALSE) -> Mon | C38: =COUNTIFS(Clean_Data!$H$2:$H$1001,$A38,Clean_Data!$V$2:$V$1001,1) -> 149 | D38: =SUMIFS(Clean_Data!$P$2:$P$1001,Clean_Data!$H$2:$H$1001,$A38,Clean_Data!$V$2:$V$1001,1) -> 8450 | E38: =IFERROR(D38/C38,0) -> 56.711409 | F38: =IFERROR(SUMIFS(Clean_Data!$N$2:$N$1001,Clean_Data!$H$2:$H$1001,$A38,Clean_Data!$V$2:$V$1001,1)/C38,0) -> 3.5838926 | G38: =IFERROR(SUMIFS(Clean_Data!$O$2:$O$1001,Clean_Data!$H$2:$H$1001,$A38,Clean_Data!$V$2:$V$1001,1)/C38,0) -> 53.127517 | H38: =IFERROR(SUMIFS(Clean_Data!$O$2:$O$1001,Clean_Data!$H$2:$H$1001,$A38,Clean_Data!$V$2:$V$1001,1)/D38,0) -> 0.93680473 | I38: =IFERROR(E38/$E$4*100,0) -> 97.268471
A39: 2 | B39: =VLOOKUP(A39,Lookups!$M$4:$N$10,2,FALSE) -> Tue | C39: =COUNTIFS(Clean_Data!$H$2:$H$1001,$A39,Clean_Data!$V$2:$V$1001,1) -> 127 | D39: =SUMIFS(Clean_Data!$P$2:$P$1001,Clean_Data!$H$2:$H$1001,$A39,Clean_Data!$V$2:$V$1001,1) -> 8383 | E39: =IFERROR(D39/C39,0) -> 66.007874 | F39: =IFERROR(SUMIFS(Clean_Data!$N$2:$N$1001,Clean_Data!$H$2:$H$1001,$A39,Clean_Data!$V$2:$V$1001,1)/C39,0) -> 3.5984252 | G39: =IFERROR(SUMIFS(Clean_Data!$O$2:$O$1001,Clean_Data!$H$2:$H$1001,$A39,Clean_Data!$V$2:$V$1001,1)/C39,0) -> 62.409449 | H39: =IFERROR(SUMIFS(Clean_Data!$O$2:$O$1001,Clean_Data!$H$2:$H$1001,$A39,Clean_Data!$V$2:$V$1001,1)/D39,0) -> 0.94548491 | I39: =IFERROR(E39/$E$4*100,0) -> 113.21329
A40: 3 | B40: =VLOOKUP(A40,Lookups!$M$4:$N$10,2,FALSE) -> Wed | C40: =COUNTIFS(Clean_Data!$H$2:$H$1001,$A40,Clean_Data!$V$2:$V$1001,1) -> 131 | D40: =SUMIFS(Clean_Data!$P$2:$P$1001,Clean_Data!$H$2:$H$1001,$A40,Clean_Data!$V$2:$V$1001,1) -> 8049 | E40: =IFERROR(D40/C40,0) -> 61.442748 | F40: =IFERROR(SUMIFS(Clean_Data!$N$2:$N$1001,Clean_Data!$H$2:$H$1001,$A40,Clean_Data!$V$2:$V$1001,1)/C40,0) -> 2.6259542 | G40: =IFERROR(SUMIFS(Clean_Data!$O$2:$O$1001,Clean_Data!$H$2:$H$1001,$A40,Clean_Data!$V$2:$V$1001,1)/C40,0) -> 58.816794 | H40: =IFERROR(SUMIFS(Clean_Data!$O$2:$O$1001,Clean_Data!$H$2:$H$1001,$A40,Clean_Data!$V$2:$V$1001,1)/D40,0) -> 0.95726177 | I40: =IFERROR(E40/$E$4*100,0) -> 105.38342
A41: 4 | B41: =VLOOKUP(A41,Lookups!$M$4:$N$10,2,FALSE) -> Thu | C41: =COUNTIFS(Clean_Data!$H$2:$H$1001,$A41,Clean_Data!$V$2:$V$1001,1) -> 125 | D41: =SUMIFS(Clean_Data!$P$2:$P$1001,Clean_Data!$H$2:$H$1001,$A41,Clean_Data!$V$2:$V$1001,1) -> 8458 | E41: =IFERROR(D41/C41,0) -> 67.664 | F41: =IFERROR(SUMIFS(Clean_Data!$N$2:$N$1001,Clean_Data!$H$2:$H$1001,$A41,Clean_Data!$V$2:$V$1001,1)/C41,0) -> 2.656 | G41: =IFERROR(SUMIFS(Clean_Data!$O$2:$O$1001,Clean_Data!$H$2:$H$1001,$A41,Clean_Data!$V$2:$V$1001,1)/C41,0) -> 65.008 | H41: =IFERROR(SUMIFS(Clean_Data!$O$2:$O$1001,Clean_Data!$H$2:$H$1001,$A41,Clean_Data!$V$2:$V$1001,1)/D41,0) -> 0.96074722 | I41: =IFERROR(E41/$E$4*100,0) -> 116.05379
A42: 5 | B42: =VLOOKUP(A42,Lookups!$M$4:$N$10,2,FALSE) -> Fri | C42: =COUNTIFS(Clean_Data!$H$2:$H$1001,$A42,Clean_Data!$V$2:$V$1001,1) -> 138 | D42: =SUMIFS(Clean_Data!$P$2:$P$1001,Clean_Data!$H$2:$H$1001,$A42,Clean_Data!$V$2:$V$1001,1) -> 9095 | E42: =IFERROR(D42/C42,0) -> 65.905797 | F42: =IFERROR(SUMIFS(Clean_Data!$N$2:$N$1001,Clean_Data!$H$2:$H$1001,$A42,Clean_Data!$V$2:$V$1001,1)/C42,0) -> 4 | G42: =IFERROR(SUMIFS(Clean_Data!$O$2:$O$1001,Clean_Data!$H$2:$H$1001,$A42,Clean_Data!$V$2:$V$1001,1)/C42,0) -> 61.905797 | H42: =IFERROR(SUMIFS(Clean_Data!$O$2:$O$1001,Clean_Data!$H$2:$H$1001,$A42,Clean_Data!$V$2:$V$1001,1)/D42,0) -> 0.93930731 | I42: =IFERROR(E42/$E$4*100,0) -> 113.03821
A43: 6 | B43: =VLOOKUP(A43,Lookups!$M$4:$N$10,2,FALSE) -> Sat | C43: =COUNTIFS(Clean_Data!$H$2:$H$1001,$A43,Clean_Data!$V$2:$V$1001,1) -> 166 | D43: =SUMIFS(Clean_Data!$P$2:$P$1001,Clean_Data!$H$2:$H$1001,$A43,Clean_Data!$V$2:$V$1001,1) -> 7748 | E43: =IFERROR(D43/C43,0) -> 46.674699 | F43: =IFERROR(SUMIFS(Clean_Data!$N$2:$N$1001,Clean_Data!$H$2:$H$1001,$A43,Clean_Data!$V$2:$V$1001,1)/C43,0) -> 7.3795181 | G43: =IFERROR(SUMIFS(Clean_Data!$O$2:$O$1001,Clean_Data!$H$2:$H$1001,$A43,Clean_Data!$V$2:$V$1001,1)/C43,0) -> 39.295181 | H43: =IFERROR(SUMIFS(Clean_Data!$O$2:$O$1001,Clean_Data!$H$2:$H$1001,$A43,Clean_Data!$V$2:$V$1001,1)/D43,0) -> 0.84189468 | I43: =IFERROR(E43/$E$4*100,0) -> 80.054025
A52: Pivot 3 - Weekday vs weekend
A53: Key | B53: Label | C53: Records | D53: Total rentals | E53: Avg / hour | F53: Avg casual | G53: Avg registered | H53: Registered share | I53: Index (all=100)
A54: Weekday | B54: =A54 -> Weekday | C54: =COUNTIFS(Clean_Data!$W$2:$W$1001,$A54,Clean_Data!$V$2:$V$1001,1) -> 670 | D54: =SUMIFS(Clean_Data!$P$2:$P$1001,Clean_Data!$W$2:$W$1001,$A54,Clean_Data!$V$2:$V$1001,1) -> 42435 | E54: =IFERROR(D54/C54,0) -> 63.335821 | F54: =IFERROR(SUMIFS(Clean_Data!$N$2:$N$1001,Clean_Data!$W$2:$W$1001,$A54,Clean_Data!$V$2:$V$1001,1)/C54,0) -> 3.3119403 | G54: =IFERROR(SUMIFS(Clean_Data!$O$2:$O$1001,Clean_Data!$W$2:$W$1001,$A54,Clean_Data!$V$2:$V$1001,1)/C54,0) -> 60.023881 | H54: =IFERROR(SUMIFS(Clean_Data!$O$2:$O$1001,Clean_Data!$W$2:$W$1001,$A54,Clean_Data!$V$2:$V$1001,1)/D54,0) -> 0.94770826 | I54: =IFERROR(E54/$E$4*100,0) -> 108.63032
A55: Weekend | B55: =A55 -> Weekend | C55: =COUNTIFS(Clean_Data!$W$2:$W$1001,$A55,Clean_Data!$V$2:$V$1001,1) -> 330 | D55: =SUMIFS(Clean_Data!$P$2:$P$1001,Clean_Data!$W$2:$W$1001,$A55,Clean_Data!$V$2:$V$1001,1) -> 15869 | E55: =IFERROR(D55/C55,0) -> 48.087879 | F55: =IFERROR(SUMIFS(Clean_Data!$N$2:$N$1001,Clean_Data!$W$2:$W$1001,$A55,Clean_Data!$V$2:$V$1001,1)/C55,0) -> 8.1878788 | G55: =IFERROR(SUMIFS(Clean_Data!$O$2:$O$1001,Clean_Data!$W$2:$W$1001,$A55,Clean_Data!$V$2:$V$1001,1)/C55,0) -> 39.9 | H55: =IFERROR(SUMIFS(Clean_Data!$O$2:$O$1001,Clean_Data!$W$2:$W$1001,$A55,Clean_Data!$V$2:$V$1001,1)/D55,0) -> 0.82973092 | I55: =IFERROR(E55/$E$4*100,0) -> 82.477838
A69: Pivot 4 - Demand by weather situation
A70: Key | B70: Label | C70: Records | D70: Total rentals | E70: Avg / hour | F70: Avg casual | G70: Avg registered | H70: Registered share | I70: Index (all=100)
A71: 1 | B71: =VLOOKUP(A71,Lookups!$A$4:$B$7,2,FALSE) -> Clear | C71: =COUNTIFS(Clean_Data!$I$2:$I$1001,$A71,Clean_Data!$V$2:$V$1001,1) -> 606 | D71: =SUMIFS(Clean_Data!$P$2:$P$1001,Clean_Data!$I$2:$I$1001,$A71,Clean_Data!$V$2:$V$1001,1) -> 37373 | E71: =IFERROR(D71/C71,0) -> 61.671617 | F71: =IFERROR(SUMIFS(Clean_Data!$N$2:$N$1001,Clean_Data!$I$2:$I$1001,$A71,Clean_Data!$V$2:$V$1001,1)/C71,0) -> 5.2986799 | G71: =IFERROR(SUMIFS(Clean_Data!$O$2:$O$1001,Clean_Data!$I$2:$I$1001,$A71,Clean_Data!$V$2:$V$1001,1)/C71,0) -> 56.372937 | H71: =IFERROR(SUMIFS(Clean_Data!$O$2:$O$1001,Clean_Data!$I$2:$I$1001,$A71,Clean_Data!$V$2:$V$1001,1)/D71,0) -> 0.91408236 | I71: =IFERROR(E71/$E$4*100,0) -> 105.77596
A72: 2 | B72: =VLOOKUP(A72,Lookups!$A$4:$B$7,2,FALSE) -> Mist/Cloudy | C72: =COUNTIFS(Clean_Data!$I$2:$I$1001,$A72,Clean_Data!$V$2:$V$1001,1) -> 309 | D72: =SUMIFS(Clean_Data!$P$2:$P$1001,Clean_Data!$I$2:$I$1001,$A72,Clean_Data!$V$2:$V$1001,1) -> 18106 | E72: =IFERROR(D72/C72,0) -> 58.595469 | F72: =IFERROR(SUMIFS(Clean_Data!$N$2:$N$1001,Clean_Data!$I$2:$I$1001,$A72,Clean_Data!$V$2:$V$1001,1)/C72,0) -> 4.9773463 | G72: =IFERROR(SUMIFS(Clean_Data!$O$2:$O$1001,Clean_Data!$I$2:$I$1001,$A72,Clean_Data!$V$2:$V$1001,1)/C72,0) -> 53.618123 | H72: =IFERROR(SUMIFS(Clean_Data!$O$2:$O$1001,Clean_Data!$I$2:$I$1001,$A72,Clean_Data!$V$2:$V$1001,1)/D72,0) -> 0.91505578 | I72: =IFERROR(E72/$E$4*100,0) -> 100.49991
A73: 3 | B73: =VLOOKUP(A73,Lookups!$A$4:$B$7,2,FALSE) -> Light Rain/Snow | C73: =COUNTIFS(Clean_Data!$I$2:$I$1001,$A73,Clean_Data!$V$2:$V$1001,1) -> 84 | D73: =SUMIFS(Clean_Data!$P$2:$P$1001,Clean_Data!$I$2:$I$1001,$A73,Clean_Data!$V$2:$V$1001,1) -> 2789 | E73: =IFERROR(D73/C73,0) -> 33.202381 | F73: =IFERROR(SUMIFS(Clean_Data!$N$2:$N$1001,Clean_Data!$I$2:$I$1001,$A73,Clean_Data!$V$2:$V$1001,1)/C73,0) -> 2.0357143 | G73: =IFERROR(SUMIFS(Clean_Data!$O$2:$O$1001,Clean_Data!$I$2:$I$1001,$A73,Clean_Data!$V$2:$V$1001,1)/C73,0) -> 31.166667 | H73: =IFERROR(SUMIFS(Clean_Data!$O$2:$O$1001,Clean_Data!$I$2:$I$1001,$A73,Clean_Data!$V$2:$V$1001,1)/D73,0) -> 0.9386877 | I73: =IFERROR(E73/$E$4*100,0) -> 56.947004
A74: 4 | B74: =VLOOKUP(A74,Lookups!$A$4:$B$7,2,FALSE) -> Heavy Rain/Snow | C74: =COUNTIFS(Clean_Data!$I$2:$I$1001,$A74,Clean_Data!$V$2:$V$1001,1) -> 1 | D74: =SUMIFS(Clean_Data!$P$2:$P$1001,Clean_Data!$I$2:$I$1001,$A74,Clean_Data!$V$2:$V$1001,1) -> 36 | E74: =IFERROR(D74/C74,0) -> 36 | F74: =IFERROR(SUMIFS(Clean_Data!$N$2:$N$1001,Clean_Data!$I$2:$I$1001,$A74,Clean_Data!$V$2:$V$1001,1)/C74,0) -> 1 | G74: =IFERROR(SUMIFS(Clean_Data!$O$2:$O$1001,Clean_Data!$I$2:$I$1001,$A74,Clean_Data!$V$2:$V$1001,1)/C74,0) -> 35 | H74: =IFERROR(SUMIFS(Clean_Data!$O$2:$O$1001,Clean_Data!$I$2:$I$1001,$A74,Clean_Data!$V$2:$V$1001,1)/D74,0) -> 0.97222222 | I74: =IFERROR(E74/$E$4*100,0) -> 61.745335
A86: Pivot 5 - Demand by time block
A87: Key | B87: Label | C87: Records | D87: Total rentals | E87: Avg / hour | F87: Avg casual | G87: Avg registered | H87: Registered share | I87: Index (all=100)
A88: Night (00-05) | B88: =A88 -> Night (00-05) | C88: =COUNTIFS(Clean_Data!$AC$2:$AC$1001,$A88,Clean_Data!$V$2:$V$1001,1) -> 229 | D88: =SUMIFS(Clean_Data!$P$2:$P$1001,Clean_Data!$AC$2:$AC$1001,$A88,Clean_Data!$V$2:$V$1001,1) -> 1841 | E88: =IFERROR(D88/C88,0) -> 8.0393013 | F88: =IFERROR(SUMIFS(Clean_Data!$N$2:$N$1001,Clean_Data!$AC$2:$AC$1001,$A88,Clean_Data!$V$2:$V$1001,1)/C88,0) -> 0.86899563 | G88: =IFERROR(SUMIFS(Clean_Data!$O$2:$O$1001,Clean_Data!$AC$2:$AC$1001,$A88,Clean_Data!$V$2:$V$1001,1)/C88,0) -> 7.1703057 | H88: =IFERROR(SUMIFS(Clean_Data!$O$2:$O$1001,Clean_Data!$AC$2:$AC$1001,$A88,Clean_Data!$V$2:$V$1001,1)/D88,0) -> 0.89190657 | I88: =IFERROR(E88/$E$4*100,0) -> 13.788593
A89: Morning Peak (06-09) | B89: =A89 -> Morning Peak (06-09) | C89: =COUNTIFS(Clean_Data!$AC$2:$AC$1001,$A89,Clean_Data!$V$2:$V$1001,1) -> 169 | D89: =SUMIFS(Clean_Data!$P$2:$P$1001,Clean_Data!$AC$2:$AC$1001,$A89,Clean_Data!$V$2:$V$1001,1) -> 12221 | E89: =IFERROR(D89/C89,0) -> 72.313609 | F89: =IFERROR(SUMIFS(Clean_Data!$N$2:$N$1001,Clean_Data!$AC$2:$AC$1001,$A89,Clean_Data!$V$2:$V$1001,1)/C89,0) -> 2.2721893 | G89: =IFERROR(SUMIFS(Clean_Data!$O$2:$O$1001,Clean_Data!$AC$2:$AC$1001,$A89,Clean_Data!$V$2:$V$1001,1)/C89,0) -> 70.04142 | H89: =IFERROR(SUMIFS(Clean_Data!$O$2:$O$1001,Clean_Data!$AC$2:$AC$1001,$A89,Clean_Data!$V$2:$V$1001,1)/D89,0) -> 0.96857868 | I89: =IFERROR(E89/$E$4*100,0) -> 124.02856
A90: Midday (10-15) | B90: =A90 -> Midday (10-15) | C90: =COUNTIFS(Clean_Data!$AC$2:$AC$1001,$A90,Clean_Data!$V$2:$V$1001,1) -> 256 | D90: =SUMIFS(Clean_Data!$P$2:$P$1001,Clean_Data!$AC$2:$AC$1001,$A90,Clean_Data!$V$2:$V$1001,1) -> 17958 | E90: =IFERROR(D90/C90,0) -> 70.148438 | F90: =IFERROR(SUMIFS(Clean_Data!$N$2:$N$1001,Clean_Data!$AC$2:$AC$1001,$A90,Clean_Data!$V$2:$V$1001,1)/C90,0) -> 10.078125 | G90: =IFERROR(SUMIFS(Clean_Data!$O$2:$O$1001,Clean_Data!$AC$2:$AC$1001,$A90,Clean_Data!$V$2:$V$1001,1)/C90,0) -> 60.070312 | H90: =IFERROR(SUMIFS(Clean_Data!$O$2:$O$1001,Clean_Data!$AC$2:$AC$1001,$A90,Clean_Data!$V$2:$V$1001,1)/D90,0) -> 0.85633144 | I90: =IFERROR(E90/$E$4*100,0) -> 120.31497
A91: Evening Peak (16-19) | B91: =A91 -> Evening Peak (16-19) | C91: =COUNTIFS(Clean_Data!$AC$2:$AC$1001,$A91,Clean_Data!$V$2:$V$1001,1) -> 174 | D91: =SUMIFS(Clean_Data!$P$2:$P$1001,Clean_Data!$AC$2:$AC$1001,$A91,Clean_Data!$V$2:$V$1001,1) -> 19041 | E91: =IFERROR(D91/C91,0) -> 109.43103 | F91: =IFERROR(SUMIFS(Clean_Data!$N$2:$N$1001,Clean_Data!$AC$2:$AC$1001,$A91,Clean_Data!$V$2:$V$1001,1)/C91,0) -> 7.454023 | G91: =IFERROR(SUMIFS(Clean_Data!$O$2:$O$1001,Clean_Data!$AC$2:$AC$1001,$A91,Clean_Data!$V$2:$V$1001,1)/C91,0) -> 101.97701 | H91: =IFERROR(SUMIFS(Clean_Data!$O$2:$O$1001,Clean_Data!$AC$2:$AC$1001,$A91,Clean_Data!$V$2:$V$1001,1)/D91,0) -> 0.93188383 | I91: =IFERROR(E91/$E$4*100,0) -> 187.69044
A92: Late Evening (20-23) | B92: =A92 -> Late Evening (20-23) | C92: =COUNTIFS(Clean_Data!$AC$2:$AC$1001,$A92,Clean_Data!$V$2:$V$1001,1) -> 172 | D92: =SUMIFS(Clean_Data!$P$2:$P$1001,Clean_Data!$AC$2:$AC$1001,$A92,Clean_Data!$V$2:$V$1001,1) -> 7243 | E92: =IFERROR(D92/C92,0) -> 42.110465 | F92: =IFERROR(SUMIFS(Clean_Data!$N$2:$N$1001,Clean_Data!$AC$2:$AC$1001,$A92,Clean_Data!$V$2:$V$1001,1)/C92,0) -> 2.6802326 | G92: =IFERROR(SUMIFS(Clean_Data!$O$2:$O$1001,Clean_Data!$AC$2:$AC$1001,$A92,Clean_Data!$V$2:$V$1001,1)/C92,0) -> 39.430233 | H92: =IFERROR(SUMIFS(Clean_Data!$O$2:$O$1001,Clean_Data!$AC$2:$AC$1001,$A92,Clean_Data!$V$2:$V$1001,1)/D92,0) -> 0.93635234 | I92: =IFERROR(E92/$E$4*100,0) -> 72.225688
A103: Pivot 6 - Demand by temperature band
A104: Key | B104: Label | C104: Records | D104: Total rentals | E104: Avg / hour | F104: Avg casual | G104: Avg registered | H104: Registered share | I104: Index (all=100)
A105: Under 5 C | B105: =A105 -> Under 5 C | C105: =COUNTIFS(Clean_Data!$AJ$2:$AJ$1001,$A105,Clean_Data!$V$2:$V$1001,1) -> 127 | D105: =SUMIFS(Clean_Data!$P$2:$P$1001,Clean_Data!$AJ$2:$AJ$1001,$A105,Clean_Data!$V$2:$V$1001,1) -> 4883 | E105: =IFERROR(D105/C105,0) -> 38.448819 | F105: =IFERROR(SUMIFS(Clean_Data!$N$2:$N$1001,Clean_Data!$AJ$2:$AJ$1001,$A105,Clean_Data!$V$2:$V$1001,1)/C105,0) -> 1.9133858 | G105: =IFERROR(SUMIFS(Clean_Data!$O$2:$O$1001,Clean_Data!$AJ$2:$AJ$1001,$A105,Clean_Data!$V$2:$V$1001,1)/C105,0) -> 36.535433 | H105: =IFERROR(SUMIFS(Clean_Data!$O$2:$O$1001,Clean_Data!$AJ$2:$AJ$1001,$A105,Clean_Data!$V$2:$V$1001,1)/D105,0) -> 0.95023551 | I105: =IFERROR(E105/$E$4*100,0) -> 65.945422
A106: 5-10 C | B106: =A106 -> 5-10 C | C106: =COUNTIFS(Clean_Data!$AJ$2:$AJ$1001,$A106,Clean_Data!$V$2:$V$1001,1) -> 652 | D106: =SUMIFS(Clean_Data!$P$2:$P$1001,Clean_Data!$AJ$2:$AJ$1001,$A106,Clean_Data!$V$2:$V$1001,1) -> 36486 | E106: =IFERROR(D106/C106,0) -> 55.960123 | F106: =IFERROR(SUMIFS(Clean_Data!$N$2:$N$1001,Clean_Data!$AJ$2:$AJ$1001,$A106,Clean_Data!$V$2:$V$1001,1)/C106,0) -> 3.3067485 | G106: =IFERROR(SUMIFS(Clean_Data!$O$2:$O$1001,Clean_Data!$AJ$2:$AJ$1001,$A106,Clean_Data!$V$2:$V$1001,1)/C106,0) -> 52.653374 | H106: =IFERROR(SUMIFS(Clean_Data!$O$2:$O$1001,Clean_Data!$AJ$2:$AJ$1001,$A106,Clean_Data!$V$2:$V$1001,1)/D106,0) -> 0.94090884 | I106: =IFERROR(E106/$E$4*100,0) -> 95.979903
A107: 10-15 C | B107: =A107 -> 10-15 C | C107: =COUNTIFS(Clean_Data!$AJ$2:$AJ$1001,$A107,Clean_Data!$V$2:$V$1001,1) -> 179 | D107: =SUMIFS(Clean_Data!$P$2:$P$1001,Clean_Data!$AJ$2:$AJ$1001,$A107,Clean_Data!$V$2:$V$1001,1) -> 14451 | E107: =IFERROR(D107/C107,0) -> 80.731844 | F107: =IFERROR(SUMIFS(Clean_Data!$N$2:$N$1001,Clean_Data!$AJ$2:$AJ$1001,$A107,Clean_Data!$V$2:$V$1001,1)/C107,0) -> 10.709497 | G107: =IFERROR(SUMIFS(Clean_Data!$O$2:$O$1001,Clean_Data!$AJ$2:$AJ$1001,$A107,Clean_Data!$V$2:$V$1001,1)/C107,0) -> 70.022346 | H107: =IFERROR(SUMIFS(Clean_Data!$O$2:$O$1001,Clean_Data!$AJ$2:$AJ$1001,$A107,Clean_Data!$V$2:$V$1001,1)/D107,0) -> 0.86734482 | I107: =IFERROR(E107/$E$4*100,0) -> 138.46708
A108: 15 C and above | B108: =A108 -> 15 C and above | C108: =COUNTIFS(Clean_Data!$AJ$2:$AJ$1001,$A108,Clean_Data!$V$2:$V$1001,1) -> 42 | D108: =SUMIFS(Clean_Data!$P$2:$P$1001,Clean_Data!$AJ$2:$AJ$1001,$A108,Clean_Data!$V$2:$V$1001,1) -> 2484 | E108: =IFERROR(D108/C108,0) -> 59.142857 | F108: =IFERROR(SUMIFS(Clean_Data!$N$2:$N$1001,Clean_Data!$AJ$2:$AJ$1001,$A108,Clean_Data!$V$2:$V$1001,1)/C108,0) -> 14.404762 | G108: =IFERROR(SUMIFS(Clean_Data!$O$2:$O$1001,Clean_Data!$AJ$2:$AJ$1001,$A108,Clean_Data!$V$2:$V$1001,1)/C108,0) -> 44.738095 | H108: =IFERROR(SUMIFS(Clean_Data!$O$2:$O$1001,Clean_Data!$AJ$2:$AJ$1001,$A108,Clean_Data!$V$2:$V$1001,1)/D108,0) -> 0.75644122 | I108: =IFERROR(E108/$E$4*100,0) -> 101.43876
A120: Pivot 7 - Holiday vs regular day
A121: Key | B121: Label | C121: Records | D121: Total rentals | E121: Avg / hour | F121: Avg casual | G121: Avg registered | H121: Registered share | I121: Index (all=100)
A122: 0 | B122: =IF(A122=1,"Holiday","Regular day") -> Regular day | C122: =COUNTIFS(Clean_Data!$G$2:$G$1001,$A122,Clean_Data!$V$2:$V$1001,1) -> 976 | D122: =SUMIFS(Clean_Data!$P$2:$P$1001,Clean_Data!$G$2:$G$1001,$A122,Clean_Data!$V$2:$V$1001,1) -> 57304 | E122: =IFERROR(D122/C122,0) -> 58.713115 | F122: =IFERROR(SUMIFS(Clean_Data!$N$2:$N$1001,Clean_Data!$G$2:$G$1001,$A122,Clean_Data!$V$2:$V$1001,1)/C122,0) -> 4.9221311 | G122: =IFERROR(SUMIFS(Clean_Data!$O$2:$O$1001,Clean_Data!$G$2:$G$1001,$A122,Clean_Data!$V$2:$V$1001,1)/C122,0) -> 53.790984 | H122: =IFERROR(SUMIFS(Clean_Data!$O$2:$O$1001,Clean_Data!$G$2:$G$1001,$A122,Clean_Data!$V$2:$V$1001,1)/D122,0) -> 0.91616641 | I122: =IFERROR(E122/$E$4*100,0) -> 100.70169
A123: 1 | B123: =IF(A123=1,"Holiday","Regular day") -> Holiday | C123: =COUNTIFS(Clean_Data!$G$2:$G$1001,$A123,Clean_Data!$V$2:$V$1001,1) -> 24 | D123: =SUMIFS(Clean_Data!$P$2:$P$1001,Clean_Data!$G$2:$G$1001,$A123,Clean_Data!$V$2:$V$1001,1) -> 1000 | E123: =IFERROR(D123/C123,0) -> 41.666667 | F123: =IFERROR(SUMIFS(Clean_Data!$N$2:$N$1001,Clean_Data!$G$2:$G$1001,$A123,Clean_Data!$V$2:$V$1001,1)/C123,0) -> 4.875 | G123: =IFERROR(SUMIFS(Clean_Data!$O$2:$O$1001,Clean_Data!$G$2:$G$1001,$A123,Clean_Data!$V$2:$V$1001,1)/C123,0) -> 36.791667 | H123: =IFERROR(SUMIFS(Clean_Data!$O$2:$O$1001,Clean_Data!$G$2:$G$1001,$A123,Clean_Data!$V$2:$V$1001,1)/D123,0) -> 0.883 | I123: =IFERROR(E123/$E$4*100,0) -> 71.464508
A137: Pivot 8 - Casual vs registered users
A138: Key | B138: User type | C138: Records | D138: Total rentals | E138: Avg / hour | H138: Share of total
A139: casual | B139: Casual | C139: =$C$4 -> 1000 | D139: =SUMIFS(Clean_Data!$N$2:$N$1001,Clean_Data!$V$2:$V$1001,1) -> 4921 | E139: =IFERROR(D139/C139,0) -> 4.921 | H139: =IFERROR(D139/$D$4,0) -> 0.084402442
A140: registered | B140: Registered | C140: =$C$4 -> 1000 | D140: =SUMIFS(Clean_Data!$O$2:$O$1001,Clean_Data!$V$2:$V$1001,1) -> 53383 | E140: =IFERROR(D140/C140,0) -> 53.383 | H140: =IFERROR(D140/$D$4,0) -> 0.91559756
A154: Pivot 9 - Heat map: average rentals by hour (rows) and weekday (columns)
A155: weekday code | B155: 0 | C155: 1 | D155: 2 | E155: 3 | F155: 4 | G155: 5 | H155: 6
A156: Hour | B156: =VLOOKUP(B155,Lookups!$M$4:$N$10,2,FALSE) -> Sun | C156: =VLOOKUP(C155,Lookups!$M$4:$N$10,2,FALSE) -> Mon | D156: =VLOOKUP(D155,Lookups!$M$4:$N$10,2,FALSE) -> Tue | E156: =VLOOKUP(E155,Lookups!$M$4:$N$10,2,FALSE) -> Wed | F156: =VLOOKUP(F155,Lookups!$M$4:$N$10,2,FALSE) -> Thu | G156: =VLOOKUP(G155,Lookups!$M$4:$N$10,2,FALSE) -> Fri | H156: =VLOOKUP(H155,Lookups!$M$4:$N$10,2,FALSE) -> Sat
A157: 0 | B157: =IFERROR(AVERAGEIFS(Clean_Data!$P$2:$P$1001,Clean_Data!$F$2:$F$1001,$A157,Clean_Data!$H$2:$H$1001,B$155,Clean_Data!$V$2:$V$1001,1),"") -> 30.571429 | C157: =IFERROR(AVERAGEIFS(Clean_Data!$P$2:$P$1001,Clean_Data!$F$2:$F$1001,$A157,Clean_Data!$H$2:$H$1001,C$155,Clean_Data!$V$2:$V$1001,1),"") -> 9.5714286 | D157: =IFERROR(AVERAGEIFS(Clean_Data!$P$2:$P$1001,Clean_Data!$F$2:$F$1001,$A157,Clean_Data!$H$2:$H$1001,D$155,Clean_Data!$V$2:$V$1001,1),"") -> 8.8 | E157: =IFERROR(AVERAGEIFS(Clean_Data!$P$2:$P$1001,Clean_Data!$F$2:$F$1001,$A157,Clean_Data!$H$2:$H$1001,E$155,Clean_Data!$V$2:$V$1001,1),"") -> 8.6666667 | F157: =IFERROR(AVERAGEIFS(Clean_Data!$P$2:$P$1001,Clean_Data!$F$2:$F$1001,$A157,Clean_Data!$H$2:$H$1001,F$155,Clean_Data!$V$2:$V$1001,1),"") -> 11.8 | G157: =IFERROR(AVERAGEIFS(Clean_Data!$P$2:$P$1001,Clean_Data!$F$2:$F$1001,$A157,Clean_Data!$H$2:$H$1001,G$155,Clean_Data!$V$2:$V$1001,1),"") -> 14.666667 | H157: =IFERROR(AVERAGEIFS(Clean_Data!$P$2:$P$1001,Clean_Data!$F$2:$F$1001,$A157,Clean_Data!$H$2:$H$1001,H$155,Clean_Data!$V$2:$V$1001,1),"") -> 25.571429
A158: 1 | B158: =IFERROR(AVERAGEIFS(Clean_Data!$P$2:$P$1001,Clean_Data!$F$2:$F$1001,$A158,Clean_Data!$H$2:$H$1001,B$155,Clean_Data!$V$2:$V$1001,1),"") -> 23.142857 | C158: =IFERROR(AVERAGEIFS(Clean_Data!$P$2:$P$1001,Clean_Data!$F$2:$F$1001,$A158,Clean_Data!$H$2:$H$1001,C$155,Clean_Data!$V$2:$V$1001,1),"") -> 5.5714286 | D158: =IFERROR(AVERAGEIFS(Clean_Data!$P$2:$P$1001,Clean_Data!$F$2:$F$1001,$A158,Clean_Data!$H$2:$H$1001,D$155,Clean_Data!$V$2:$V$1001,1),"") -> 3.4 | E158: =IFERROR(AVERAGEIFS(Clean_Data!$P$2:$P$1001,Clean_Data!$F$2:$F$1001,$A158,Clean_Data!$H$2:$H$1001,E$155,Clean_Data!$V$2:$V$1001,1),"") -> 5.6666667 | F158: =IFERROR(AVERAGEIFS(Clean_Data!$P$2:$P$1001,Clean_Data!$F$2:$F$1001,$A158,Clean_Data!$H$2:$H$1001,F$155,Clean_Data!$V$2:$V$1001,1),"") -> 4.6 | G158: =IFERROR(AVERAGEIFS(Clean_Data!$P$2:$P$1001,Clean_Data!$F$2:$F$1001,$A158,Clean_Data!$H$2:$H$1001,G$155,Clean_Data!$V$2:$V$1001,1),"") -> 5.8333333 | H158: =IFERROR(AVERAGEIFS(Clean_Data!$P$2:$P$1001,Clean_Data!$F$2:$F$1001,$A158,Clean_Data!$H$2:$H$1001,H$155,Clean_Data!$V$2:$V$1001,1),"") -> 21.428571
A159: 2 | B159: =IFERROR(AVERAGEIFS(Clean_Data!$P$2:$P$1001,Clean_Data!$F$2:$F$1001,$A159,Clean_Data!$H$2:$H$1001,B$155,Clean_Data!$V$2:$V$1001,1),"") -> 15 | C159: =IFERROR(AVERAGEIFS(Clean_Data!$P$2:$P$1001,Clean_Data!$F$2:$F$1001,$A159,Clean_Data!$H$2:$H$1001,C$155,Clean_Data!$V$2:$V$1001,1),"") -> 3.4 | D159: =IFERROR(AVERAGEIFS(Clean_Data!$P$2:$P$1001,Clean_Data!$F$2:$F$1001,$A159,Clean_Data!$H$2:$H$1001,D$155,Clean_Data!$V$2:$V$1001,1),"") -> 2 | E159: =IFERROR(AVERAGEIFS(Clean_Data!$P$2:$P$1001,Clean_Data!$F$2:$F$1001,$A159,Clean_Data!$H$2:$H$1001,E$155,Clean_Data!$V$2:$V$1001,1),"") -> 3.8333333 | F159: =IFERROR(AVERAGEIFS(Clean_Data!$P$2:$P$1001,Clean_Data!$F$2:$F$1001,$A159,Clean_Data!$H$2:$H$1001,F$155,Clean_Data!$V$2:$V$1001,1),"") -> 2.2 | G159: =IFERROR(AVERAGEIFS(Clean_Data!$P$2:$P$1001,Clean_Data!$F$2:$F$1001,$A159,Clean_Data!$H$2:$H$1001,G$155,Clean_Data!$V$2:$V$1001,1),"") -> 1.6666667 | H159: =IFERROR(AVERAGEIFS(Clean_Data!$P$2:$P$1001,Clean_Data!$F$2:$F$1001,$A159,Clean_Data!$H$2:$H$1001,H$155,Clean_Data!$V$2:$V$1001,1),"") -> 16.857143
A160: 3 | B160: =IFERROR(AVERAGEIFS(Clean_Data!$P$2:$P$1001,Clean_Data!$F$2:$F$1001,$A160,Clean_Data!$H$2:$H$1001,B$155,Clean_Data!$V$2:$V$1001,1),"") -> 9 | C160: =IFERROR(AVERAGEIFS(Clean_Data!$P$2:$P$1001,Clean_Data!$F$2:$F$1001,$A160,Clean_Data!$H$2:$H$1001,C$155,Clean_Data!$V$2:$V$1001,1),"") -> 1.5 | D160: =IFERROR(AVERAGEIFS(Clean_Data!$P$2:$P$1001,Clean_Data!$F$2:$F$1001,$A160,Clean_Data!$H$2:$H$1001,D$155,Clean_Data!$V$2:$V$1001,1),"") -> 1.5 | E160: =IFERROR(AVERAGEIFS(Clean_Data!$P$2:$P$1001,Clean_Data!$F$2:$F$1001,$A160,Clean_Data!$H$2:$H$1001,E$155,Clean_Data!$V$2:$V$1001,1),"") -> 1.5 | F160: =IFERROR(AVERAGEIFS(Clean_Data!$P$2:$P$1001,Clean_Data!$F$2:$F$1001,$A160,Clean_Data!$H$2:$H$1001,F$155,Clean_Data!$V$2:$V$1001,1),"") -> 1.6666667 | G160: =IFERROR(AVERAGEIFS(Clean_Data!$P$2:$P$1001,Clean_Data!$F$2:$F$1001,$A160,Clean_Data!$H$2:$H$1001,G$155,Clean_Data!$V$2:$V$1001,1),"") -> 1 | H160: =IFERROR(AVERAGEIFS(Clean_Data!$P$2:$P$1001,Clean_Data!$F$2:$F$1001,$A160,Clean_Data!$H$2:$H$1001,H$155,Clean_Data!$V$2:$V$1001,1),"") -> 9.1428571
A161: 4 | B161: =IFERROR(AVERAGEIFS(Clean_Data!$P$2:$P$1001,Clean_Data!$F$2:$F$1001,$A161,Clean_Data!$H$2:$H$1001,B$155,Clean_Data!$V$2:$V$1001,1),"") -> 1.6666667 | C161: =IFERROR(AVERAGEIFS(Clean_Data!$P$2:$P$1001,Clean_Data!$F$2:$F$1001,$A161,Clean_Data!$H$2:$H$1001,C$155,Clean_Data!$V$2:$V$1001,1),"") -> 2 | D161: =IFERROR(AVERAGEIFS(Clean_Data!$P$2:$P$1001,Clean_Data!$F$2:$F$1001,$A161,Clean_Data!$H$2:$H$1001,D$155,Clean_Data!$V$2:$V$1001,1),"") -> 2 | E161: =IFERROR(AVERAGEIFS(Clean_Data!$P$2:$P$1001,Clean_Data!$F$2:$F$1001,$A161,Clean_Data!$H$2:$H$1001,E$155,Clean_Data!$V$2:$V$1001,1),"") -> 1.6666667 | F161: =IFERROR(AVERAGEIFS(Clean_Data!$P$2:$P$1001,Clean_Data!$F$2:$F$1001,$A161,Clean_Data!$H$2:$H$1001,F$155,Clean_Data!$V$2:$V$1001,1),"") -> 1.75 | G161: =IFERROR(AVERAGEIFS(Clean_Data!$P$2:$P$1001,Clean_Data!$F$2:$F$1001,$A161,Clean_Data!$H$2:$H$1001,G$155,Clean_Data!$V$2:$V$1001,1),"") -> 1 | H161: =IFERROR(AVERAGEIFS(Clean_Data!$P$2:$P$1001,Clean_Data!$F$2:$F$1001,$A161,Clean_Data!$H$2:$H$1001,H$155,Clean_Data!$V$2:$V$1001,1),"") -> 3.5714286
A162: 5 | B162: =IFERROR(AVERAGEIFS(Clean_Data!$P$2:$P$1001,Clean_Data!$F$2:$F$1001,$A162,Clean_Data!$H$2:$H$1001,B$155,Clean_Data!$V$2:$V$1001,1),"") -> 2 | C162: =IFERROR(AVERAGEIFS(Clean_Data!$P$2:$P$1001,Clean_Data!$F$2:$F$1001,$A162,Clean_Data!$H$2:$H$1001,C$155,Clean_Data!$V$2:$V$1001,1),"") -> 4.7142857 | D162: =IFERROR(AVERAGEIFS(Clean_Data!$P$2:$P$1001,Clean_Data!$F$2:$F$1001,$A162,Clean_Data!$H$2:$H$1001,D$155,Clean_Data!$V$2:$V$1001,1),"") -> 4.8 | E162: =IFERROR(AVERAGEIFS(Clean_Data!$P$2:$P$1001,Clean_Data!$F$2:$F$1001,$A162,Clean_Data!$H$2:$H$1001,E$155,Clean_Data!$V$2:$V$1001,1),"") -> 4.3333333 | F162: =IFERROR(AVERAGEIFS(Clean_Data!$P$2:$P$1001,Clean_Data!$F$2:$F$1001,$A162,Clean_Data!$H$2:$H$1001,F$155,Clean_Data!$V$2:$V$1001,1),"") -> 4.2 | G162: =IFERROR(AVERAGEIFS(Clean_Data!$P$2:$P$1001,Clean_Data!$F$2:$F$1001,$A162,Clean_Data!$H$2:$H$1001,G$155,Clean_Data!$V$2:$V$1001,1),"") -> 5.5 | H162: =IFERROR(AVERAGEIFS(Clean_Data!$P$2:$P$1001,Clean_Data!$F$2:$F$1001,$A162,Clean_Data!$H$2:$H$1001,H$155,Clean_Data!$V$2:$V$1001,1),"") -> 3.4
A163: 6 | B163: =IFERROR(AVERAGEIFS(Clean_Data!$P$2:$P$1001,Clean_Data!$F$2:$F$1001,$A163,Clean_Data!$H$2:$H$1001,B$155,Clean_Data!$V$2:$V$1001,1),"") -> 1.8333333 | C163: =IFERROR(AVERAGEIFS(Clean_Data!$P$2:$P$1001,Clean_Data!$F$2:$F$1001,$A163,Clean_Data!$H$2:$H$1001,C$155,Clean_Data!$V$2:$V$1001,1),"") -> 24.857143 | D163: =IFERROR(AVERAGEIFS(Clean_Data!$P$2:$P$1001,Clean_Data!$F$2:$F$1001,$A163,Clean_Data!$H$2:$H$1001,D$155,Clean_Data!$V$2:$V$1001,1),"") -> 32 | E163: =IFERROR(AVERAGEIFS(Clean_Data!$P$2:$P$1001,Clean_Data!$F$2:$F$1001,$A163,Clean_Data!$H$2:$H$1001,E$155,Clean_Data!$V$2:$V$1001,1),"") -> 25 | F163: =IFERROR(AVERAGEIFS(Clean_Data!$P$2:$P$1001,Clean_Data!$F$2:$F$1001,$A163,Clean_Data!$H$2:$H$1001,F$155,Clean_Data!$V$2:$V$1001,1),"") -> 32.8 | G163: =IFERROR(AVERAGEIFS(Clean_Data!$P$2:$P$1001,Clean_Data!$F$2:$F$1001,$A163,Clean_Data!$H$2:$H$1001,G$155,Clean_Data!$V$2:$V$1001,1),"") -> 24.333333 | H163: =IFERROR(AVERAGEIFS(Clean_Data!$P$2:$P$1001,Clean_Data!$F$2:$F$1001,$A163,Clean_Data!$H$2:$H$1001,H$155,Clean_Data!$V$2:$V$1001,1),"") -> 2.4285714
A164: 7 | B164: =IFERROR(AVERAGEIFS(Clean_Data!$P$2:$P$1001,Clean_Data!$F$2:$F$1001,$A164,Clean_Data!$H$2:$H$1001,B$155,Clean_Data!$V$2:$V$1001,1),"") -> 3.7142857 | C164: =IFERROR(AVERAGEIFS(Clean_Data!$P$2:$P$1001,Clean_Data!$F$2:$F$1001,$A164,Clean_Data!$H$2:$H$1001,C$155,Clean_Data!$V$2:$V$1001,1),"") -> 71.857143 | D164: =IFERROR(AVERAGEIFS(Clean_Data!$P$2:$P$1001,Clean_Data!$F$2:$F$1001,$A164,Clean_Data!$H$2:$H$1001,D$155,Clean_Data!$V$2:$V$1001,1),"") -> 90.6 | E164: =IFERROR(AVERAGEIFS(Clean_Data!$P$2:$P$1001,Clean_Data!$F$2:$F$1001,$A164,Clean_Data!$H$2:$H$1001,E$155,Clean_Data!$V$2:$V$1001,1),"") -> 68.333333 | F164: =IFERROR(AVERAGEIFS(Clean_Data!$P$2:$P$1001,Clean_Data!$F$2:$F$1001,$A164,Clean_Data!$H$2:$H$1001,F$155,Clean_Data!$V$2:$V$1001,1),"") -> 90.8 | G164: =IFERROR(AVERAGEIFS(Clean_Data!$P$2:$P$1001,Clean_Data!$F$2:$F$1001,$A164,Clean_Data!$H$2:$H$1001,G$155,Clean_Data!$V$2:$V$1001,1),"") -> 73.833333 | H164: =IFERROR(AVERAGEIFS(Clean_Data!$P$2:$P$1001,Clean_Data!$F$2:$F$1001,$A164,Clean_Data!$H$2:$H$1001,H$155,Clean_Data!$V$2:$V$1001,1),"") -> 7.1428571
A165: 8 | B165: =IFERROR(AVERAGEIFS(Clean_Data!$P$2:$P$1001,Clean_Data!$F$2:$F$1001,$A165,Clean_Data!$H$2:$H$1001,B$155,Clean_Data!$V$2:$V$1001,1),"") -> 14.571429 | C165: =IFERROR(AVERAGEIFS(Clean_Data!$P$2:$P$1001,Clean_Data!$F$2:$F$1001,$A165,Clean_Data!$H$2:$H$1001,C$155,Clean_Data!$V$2:$V$1001,1),"") -> 161.16667 | D165: =IFERROR(AVERAGEIFS(Clean_Data!$P$2:$P$1001,Clean_Data!$F$2:$F$1001,$A165,Clean_Data!$H$2:$H$1001,D$155,Clean_Data!$V$2:$V$1001,1),"") -> 202.4 | E165: =IFERROR(AVERAGEIFS(Clean_Data!$P$2:$P$1001,Clean_Data!$F$2:$F$1001,$A165,Clean_Data!$H$2:$H$1001,E$155,Clean_Data!$V$2:$V$1001,1),"") -> 157.66667 | F165: =IFERROR(AVERAGEIFS(Clean_Data!$P$2:$P$1001,Clean_Data!$F$2:$F$1001,$A165,Clean_Data!$H$2:$H$1001,F$155,Clean_Data!$V$2:$V$1001,1),"") -> 207.2 | G165: =IFERROR(AVERAGEIFS(Clean_Data!$P$2:$P$1001,Clean_Data!$F$2:$F$1001,$A165,Clean_Data!$H$2:$H$1001,G$155,Clean_Data!$V$2:$V$1001,1),"") -> 196.33333 | H165: =IFERROR(AVERAGEIFS(Clean_Data!$P$2:$P$1001,Clean_Data!$F$2:$F$1001,$A165,Clean_Data!$H$2:$H$1001,H$155,Clean_Data!$V$2:$V$1001,1),"") -> 21
A166: 9 | B166: =IFERROR(AVERAGEIFS(Clean_Data!$P$2:$P$1001,Clean_Data!$F$2:$F$1001,$A166,Clean_Data!$H$2:$H$1001,B$155,Clean_Data!$V$2:$V$1001,1),"") -> 32.714286 | C166: =IFERROR(AVERAGEIFS(Clean_Data!$P$2:$P$1001,Clean_Data!$F$2:$F$1001,$A166,Clean_Data!$H$2:$H$1001,C$155,Clean_Data!$V$2:$V$1001,1),"") -> 93.5 | D166: =IFERROR(AVERAGEIFS(Clean_Data!$P$2:$P$1001,Clean_Data!$F$2:$F$1001,$A166,Clean_Data!$H$2:$H$1001,D$155,Clean_Data!$V$2:$V$1001,1),"") -> 125 | E166: =IFERROR(AVERAGEIFS(Clean_Data!$P$2:$P$1001,Clean_Data!$F$2:$F$1001,$A166,Clean_Data!$H$2:$H$1001,E$155,Clean_Data!$V$2:$V$1001,1),"") -> 101.5 | F166: =IFERROR(AVERAGEIFS(Clean_Data!$P$2:$P$1001,Clean_Data!$F$2:$F$1001,$A166,Clean_Data!$H$2:$H$1001,F$155,Clean_Data!$V$2:$V$1001,1),"") -> 131.8 | G166: =IFERROR(AVERAGEIFS(Clean_Data!$P$2:$P$1001,Clean_Data!$F$2:$F$1001,$A166,Clean_Data!$H$2:$H$1001,G$155,Clean_Data!$V$2:$V$1001,1),"") -> 130.83333 | H166: =IFERROR(AVERAGEIFS(Clean_Data!$P$2:$P$1001,Clean_Data!$F$2:$F$1001,$A166,Clean_Data!$H$2:$H$1001,H$155,Clean_Data!$V$2:$V$1001,1),"") -> 29.142857
A167: 10 | B167: =IFERROR(AVERAGEIFS(Clean_Data!$P$2:$P$1001,Clean_Data!$F$2:$F$1001,$A167,Clean_Data!$H$2:$H$1001,B$155,Clean_Data!$V$2:$V$1001,1),"") -> 71 | C167: =IFERROR(AVERAGEIFS(Clean_Data!$P$2:$P$1001,Clean_Data!$F$2:$F$1001,$A167,Clean_Data!$H$2:$H$1001,C$155,Clean_Data!$V$2:$V$1001,1),"") -> 49.333333 | D167: =IFERROR(AVERAGEIFS(Clean_Data!$P$2:$P$1001,Clean_Data!$F$2:$F$1001,$A167,Clean_Data!$H$2:$H$1001,D$155,Clean_Data!$V$2:$V$1001,1),"") -> 49.2 | E167: =IFERROR(AVERAGEIFS(Clean_Data!$P$2:$P$1001,Clean_Data!$F$2:$F$1001,$A167,Clean_Data!$H$2:$H$1001,E$155,Clean_Data!$V$2:$V$1001,1),"") -> 48.5 | F167: =IFERROR(AVERAGEIFS(Clean_Data!$P$2:$P$1001,Clean_Data!$F$2:$F$1001,$A167,Clean_Data!$H$2:$H$1001,F$155,Clean_Data!$V$2:$V$1001,1),"") -> 45.4 | G167: =IFERROR(AVERAGEIFS(Clean_Data!$P$2:$P$1001,Clean_Data!$F$2:$F$1001,$A167,Clean_Data!$H$2:$H$1001,G$155,Clean_Data!$V$2:$V$1001,1),"") -> 52.333333 | H167: =IFERROR(AVERAGEIFS(Clean_Data!$P$2:$P$1001,Clean_Data!$F$2:$F$1001,$A167,Clean_Data!$H$2:$H$1001,H$155,Clean_Data!$V$2:$V$1001,1),"") -> 54.571429
A168: 11 | B168: =IFERROR(AVERAGEIFS(Clean_Data!$P$2:$P$1001,Clean_Data!$F$2:$F$1001,$A168,Clean_Data!$H$2:$H$1001,B$155,Clean_Data!$V$2:$V$1001,1),"") -> 85.571429 | C168: =IFERROR(AVERAGEIFS(Clean_Data!$P$2:$P$1001,Clean_Data!$F$2:$F$1001,$A168,Clean_Data!$H$2:$H$1001,C$155,Clean_Data!$V$2:$V$1001,1),"") -> 47.666667 | D168: =IFERROR(AVERAGEIFS(Clean_Data!$P$2:$P$1001,Clean_Data!$F$2:$F$1001,$A168,Clean_Data!$H$2:$H$1001,D$155,Clean_Data!$V$2:$V$1001,1),"") -> 50.8 | E168: =IFERROR(AVERAGEIFS(Clean_Data!$P$2:$P$1001,Clean_Data!$F$2:$F$1001,$A168,Clean_Data!$H$2:$H$1001,E$155,Clean_Data!$V$2:$V$1001,1),"") -> 44.5 | F168: =IFERROR(AVERAGEIFS(Clean_Data!$P$2:$P$1001,Clean_Data!$F$2:$F$1001,$A168,Clean_Data!$H$2:$H$1001,F$155,Clean_Data!$V$2:$V$1001,1),"") -> 54.6 | G168: =IFERROR(AVERAGEIFS(Clean_Data!$P$2:$P$1001,Clean_Data!$F$2:$F$1001,$A168,Clean_Data!$H$2:$H$1001,G$155,Clean_Data!$V$2:$V$1001,1),"") -> 56.166667 | H168: =IFERROR(AVERAGEIFS(Clean_Data!$P$2:$P$1001,Clean_Data!$F$2:$F$1001,$A168,Clean_Data!$H$2:$H$1001,H$155,Clean_Data!$V$2:$V$1001,1),"") -> 68.285714
... A180: 23 | B180: =IFERROR(AVERAGEIFS(Clean_Data!$P$2:$P$1001,Clean_Data!$F$2:$F$1001,$A180,Clean_Data!$H$2:$H$1001,B$155,Clean_Data!$V$2:$V$1001,1),"") -> 19.142857 | C180: =IFERROR(AVERAGEIFS(Clean_Data!$P$2:$P$1001,Clean_Data!$F$2:$F$1001,$A180,Clean_Data!$H$2:$H$1001,C$155,Clean_Data!$V$2:$V$1001,1),"") -> 16.666667 | D180: =IFERROR(AVERAGEIFS(Clean_Data!$P$2:$P$1001,Clean_Data!$F$2:$F$1001,$A180,Clean_Data!$H$2:$H$1001,D$155,Clean_Data!$V$2:$V$1001,1),"") -> 19.666667 | E180: =IFERROR(AVERAGEIFS(Clean_Data!$P$2:$P$1001,Clean_Data!$F$2:$F$1001,$A180,Clean_Data!$H$2:$H$1001,E$155,Clean_Data!$V$2:$V$1001,1),"") -> 27.2 | F180: =IFERROR(AVERAGEIFS(Clean_Data!$P$2:$P$1001,Clean_Data!$F$2:$F$1001,$A180,Clean_Data!$H$2:$H$1001,F$155,Clean_Data!$V$2:$V$1001,1),"") -> 26.166667 | G180: =IFERROR(AVERAGEIFS(Clean_Data!$P$2:$P$1001,Clean_Data!$F$2:$F$1001,$A180,Clean_Data!$H$2:$H$1001,G$155,Clean_Data!$V$2:$V$1001,1),"") -> 29.333333 | H180: =IFERROR(AVERAGEIFS(Clean_Data!$P$2:$P$1001,Clean_Data!$F$2:$F$1001,$A180,Clean_Data!$H$2:$H$1001,H$155,Clean_Data!$V$2:$V$1001,1),"") -> 37.428571

Sheet T4_Stats
A1: Statistics: descriptive measures, correlation, COUNTIF / SUMIF / STDEV / CORREL
A2: All statistics use only valid, de-duplicated rows (include = 1). Array formulas (Ctrl+Shift+Enter) are used for the filtered statistics.
A4: A. Descriptive statistics
A5: Variable | B5: Count | C5: Sum | D5: Mean | E5: Median | F5: Std dev | G5: Min | H5: Max | I5: 25th pct | J5: 75th pct | K5: CV (std/mean)
A6: Total rentals (cnt) | B6: {=COUNT(IF(Clean_Data!$V$2:$V$1001=1,Clean_Data!$P$2:$P$1001))} -> 1000 | C6: {=SUM(IF(Clean_Data!$V$2:$V$1001=1,Clean_Data!$P$2:$P$1001))} -> 58304 | D6: {=AVERAGE(IF(Clean_Data!$V$2:$V$1001=1,Clean_Data!$P$2:$P$1001))} -> 58.304 | E6: {=MEDIAN(IF(Clean_Data!$V$2:$V$1001=1,Clean_Data!$P$2:$P$1001))} -> 49 | F6: {=STDEV(IF(Clean_Data!$V$2:$V$1001=1,Clean_Data!$P$2:$P$1001))} -> 50.985558 | G6: {=MIN(IF(Clean_Data!$V$2:$V$1001=1,Clean_Data!$P$2:$P$1001))} -> 1 | H6: {=MAX(IF(Clean_Data!$V$2:$V$1001=1,Clean_Data!$P$2:$P$1001))} -> 249 | I6: {=PERCENTILE(IF(Clean_Data!$V$2:$V$1001=1,Clean_Data!$P$2:$P$1001),0.25)} -> 16 | J6: {=PERCENTILE(IF(Clean_Data!$V$2:$V$1001=1,Clean_Data!$P$2:$P$1001),0.75)} -> 83 | K6: =IFERROR(F6/D6,0) -> 0.87447787
A7: Casual rentals | B7: {=COUNT(IF(Clean_Data!$V$2:$V$1001=1,Clean_Data!$N$2:$N$1001))} -> 1000 | C7: {=SUM(IF(Clean_Data!$V$2:$V$1001=1,Clean_Data!$N$2:$N$1001))} -> 4921 | D7: {=AVERAGE(IF(Clean_Data!$V$2:$V$1001=1,Clean_Data!$N$2:$N$1001))} -> 4.921 | E7: {=MEDIAN(IF(Clean_Data!$V$2:$V$1001=1,Clean_Data!$N$2:$N$1001))} -> 3 | F7: {=STDEV(IF(Clean_Data!$V$2:$V$1001=1,Clean_Data!$N$2:$N$1001))} -> 7.6438988 | G7: {=MIN(IF(Clean_Data!$V$2:$V$1001=1,Clean_Data!$N$2:$N$1001))} -> 0 | H7: {=MAX(IF(Clean_Data!$V$2:$V$1001=1,Clean_Data!$N$2:$N$1001))} -> 62 | I7: {=PERCENTILE(IF(Clean_Data!$V$2:$V$1001=1,Clean_Data!$N$2:$N$1001),0.25)} -> 0 | J7: {=PERCENTILE(IF(Clean_Data!$V$2:$V$1001=1,Clean_Data!$N$2:$N$1001),0.75)} -> 6 | K7: =IFERROR(F7/D7,0) -> 1.5533222
A8: Registered rentals | B8: {=COUNT(IF(Clean_Data!$V$2:$V$1001=1,Clean_Data!$O$2:$O$1001))} -> 1000 | C8: {=SUM(IF(Clean_Data!$V$2:$V$1001=1,Clean_Data!$O$2:$O$1001))} -> 53383 | D8: {=AVERAGE(IF(Clean_Data!$V$2:$V$1001=1,Clean_Data!$O$2:$O$1001))} -> 53.383 | E8: {=MEDIAN(IF(Clean_Data!$V$2:$V$1001=1,Clean_Data!$O$2:$O$1001))} -> 46 | F8: {=STDEV(IF(Clean_Data!$V$2:$V$1001=1,Clean_Data!$O$2:$O$1001))} -> 47.893968 | G8: {=MIN(IF(Clean_Data!$V$2:$V$1001=1,Clean_Data!$O$2:$O$1001))} -> 0 | H8: {=MAX(IF(Clean_Data!$V$2:$V$1001=1,Clean_Data!$O$2:$O$1001))} -> 247 | I8: {=PERCENTILE(IF(Clean_Data!$V$2:$V$1001=1,Clean_Data!$O$2:$O$1001),0.25)} -> 15 | J8: {=PERCENTILE(IF(Clean_Data!$V$2:$V$1001=1,Clean_Data!$O$2:$O$1001),0.75)} -> 74 | K8: =IFERROR(F8/D8,0) -> 0.8971764
A9: Temperature (C) | B9: {=COUNT(IF(Clean_Data!$V$2:$V$1001=1,Clean_Data!$AD$2:$AD$1001))} -> 1000 | C9: {=SUM(IF(Clean_Data!$V$2:$V$1001=1,Clean_Data!$AD$2:$AD$1001))} -> 8440.4 | D9: {=AVERAGE(IF(Clean_Data!$V$2:$V$1001=1,Clean_Data!$AD$2:$AD$1001))} -> 8.4404 | E9: {=MEDIAN(IF(Clean_Data!$V$2:$V$1001=1,Clean_Data!$AD$2:$AD$1001))} -> 8.2 | F9: {=STDEV(IF(Clean_Data!$V$2:$V$1001=1,Clean_Data!$AD$2:$AD$1001))} -> 3.2383135 | G9: {=MIN(IF(Clean_Data!$V$2:$V$1001=1,Clean_Data!$AD$2:$AD$1001))} -> 0.8 | H9: {=MAX(IF(Clean_Data!$V$2:$V$1001=1,Clean_Data!$AD$2:$AD$1001))} -> 18.9 | I9: {=PERCENTILE(IF(Clean_Data!$V$2:$V$1001=1,Clean_Data!$AD$2:$AD$1001),0.25)} -> 6.6 | J9: {=PERCENTILE(IF(Clean_Data!$V$2:$V$1001=1,Clean_Data!$AD$2:$AD$1001),0.75)} -> 9.8 | K9: =IFERROR(F9/D9,0) -> 0.38366825
A10: Feels-like temp (C) | B10: {=COUNT(IF(Clean_Data!$V$2:$V$1001=1,Clean_Data!$AE$2:$AE$1001))} -> 1000 | C10: {=SUM(IF(Clean_Data!$V$2:$V$1001=1,Clean_Data!$AE$2:$AE$1001))} -> 10663.6 | D10: {=AVERAGE(IF(Clean_Data!$V$2:$V$1001=1,Clean_Data!$AE$2:$AE$1001))} -> 10.6636 | E10: {=MEDIAN(IF(Clean_Data!$V$2:$V$1001=1,Clean_Data!$AE$2:$AE$1001))} -> 10.6 | F10: {=STDEV(IF(Clean_Data!$V$2:$V$1001=1,Clean_Data!$AE$2:$AE$1001))} -> 3.8849283 | G10: {=MIN(IF(Clean_Data!$V$2:$V$1001=1,Clean_Data!$AE$2:$AE$1001))} -> 0 | H10: {=MAX(IF(Clean_Data!$V$2:$V$1001=1,Clean_Data!$AE$2:$AE$1001))} -> 22.7 | I10: {=PERCENTILE(IF(Clean_Data!$V$2:$V$1001=1,Clean_Data!$AE$2:$AE$1001),0.25)} -> 8.3 | J10: {=PERCENTILE(IF(Clean_Data!$V$2:$V$1001=1,Clean_Data!$AE$2:$AE$1001),0.75)} -> 12.9 | K10: =IFERROR(F10/D10,0) -> 0.36431677
A11: Humidity (%) | B11: {=COUNT(IF(Clean_Data!$V$2:$V$1001=1,Clean_Data!$AF$2:$AF$1001))} -> 1000 | C11: {=SUM(IF(Clean_Data!$V$2:$V$1001=1,Clean_Data!$AF$2:$AF$1001))} -> 58248 | D11: {=AVERAGE(IF(Clean_Data!$V$2:$V$1001=1,Clean_Data!$AF$2:$AF$1001))} -> 58.248 | E11: {=MEDIAN(IF(Clean_Data!$V$2:$V$1001=1,Clean_Data!$AF$2:$AF$1001))} -> 55 | F11: {=STDEV(IF(Clean_Data!$V$2:$V$1001=1,Clean_Data!$AF$2:$AF$1001))} -> 18.797709 | G11: {=MIN(IF(Clean_Data!$V$2:$V$1001=1,Clean_Data!$AF$2:$AF$1001))} -> 21 | H11: {=MAX(IF(Clean_Data!$V$2:$V$1001=1,Clean_Data!$AF$2:$AF$1001))} -> 100 | I11: {=PERCENTILE(IF(Clean_Data!$V$2:$V$1001=1,Clean_Data!$AF$2:$AF$1001),0.25)} -> 44 | J11: {=PERCENTILE(IF(Clean_Data!$V$2:$V$1001=1,Clean_Data!$AF$2:$AF$1001),0.75)} -> 70 | K11: =IFERROR(F11/D11,0) -> 0.32271852
A12: Wind speed (km/h) | B12: {=COUNT(IF(Clean_Data!$V$2:$V$1001=1,Clean_Data!$AG$2:$AG$1001))} -> 1000 | C12: {=SUM(IF(Clean_Data!$V$2:$V$1001=1,Clean_Data!$AG$2:$AG$1001))} -> 13060 | D12: {=AVERAGE(IF(Clean_Data!$V$2:$V$1001=1,Clean_Data!$AG$2:$AG$1001))} -> 13.06 | E12: {=MEDIAN(IF(Clean_Data!$V$2:$V$1001=1,Clean_Data!$AG$2:$AG$1001))} -> 11 | F12: {=STDEV(IF(Clean_Data!$V$2:$V$1001=1,Clean_Data!$AG$2:$AG$1001))} -> 8.6514304 | G12: {=MIN(IF(Clean_Data!$V$2:$V$1001=1,Clean_Data!$AG$2:$AG$1001))} -> 0 | H12: {=MAX(IF(Clean_Data!$V$2:$V$1001=1,Clean_Data!$AG$2:$AG$1001))} -> 39 | I12: {=PERCENTILE(IF(Clean_Data!$V$2:$V$1001=1,Clean_Data!$AG$2:$AG$1001),0.25)} -> 7 | J12: {=PERCENTILE(IF(Clean_Data!$V$2:$V$1001=1,Clean_Data!$AG$2:$AG$1001),0.75)} -> 19 | K12: =IFERROR(F12/D12,0) -> 0.66243724
A15: B. Correlation matrix (CORREL)
A17: Pearson r | B17: Total rentals (cnt) | C17: Casual rentals | D17: Registered rentals | E17: Temperature (C) | F17: Feels-like temp (C) | G17: Humidity (%) | H17: Wind speed (km/h)
A18: Total rentals (cnt) | B18: {=CORREL(IF(Clean_Data!$V$2:$V$1001=1,Clean_Data!$P$2:$P$1001),IF(Clean_Data!$V$2:$V$1001=1,Clean_Data!$P$2:$P$1001))} -> 1 | C18: {=CORREL(IF(Clean_Data!$V$2:$V$1001=1,Clean_Data!$P$2:$P$1001),IF(Clean_Data!$V$2:$V$1001=1,Clean_Data!$N$2:$N$1001))} -> 0.46715112 | D18: {=CORREL(IF(Clean_Data!$V$2:$V$1001=1,Clean_Data!$P$2:$P$1001),IF(Clean_Data!$V$2:$V$1001=1,Clean_Data!$O$2:$O$1001))} -> 0.98999319 | E18: {=CORREL(IF(Clean_Data!$V$2:$V$1001=1,Clean_Data!$P$2:$P$1001),IF(Clean_Data!$V$2:$V$1001=1,Clean_Data!$AD$2:$AD$1001))} -> 0.22894892 | F18: {=CORREL(IF(Clean_Data!$V$2:$V$1001=1,Clean_Data!$P$2:$P$1001),IF(Clean_Data!$V$2:$V$1001=1,Clean_Data!$AE$2:$AE$1001))} -> 0.18309372 | G18: {=CORREL(IF(Clean_Data!$V$2:$V$1001=1,Clean_Data!$P$2:$P$1001),IF(Clean_Data!$V$2:$V$1001=1,Clean_Data!$AF$2:$AF$1001))} -> -0.2543533 | H18: {=CORREL(IF(Clean_Data!$V$2:$V$1001=1,Clean_Data!$P$2:$P$1001),IF(Clean_Data!$V$2:$V$1001=1,Clean_Data!$AG$2:$AG$1001))} -> 0.10400327
A19: Casual rentals | B19: {=CORREL(IF(Clean_Data!$V$2:$V$1001=1,Clean_Data!$N$2:$N$1001),IF(Clean_Data!$V$2:$V$1001=1,Clean_Data!$P$2:$P$1001))} -> 0.46715112 | C19: {=CORREL(IF(Clean_Data!$V$2:$V$1001=1,Clean_Data!$N$2:$N$1001),IF(Clean_Data!$V$2:$V$1001=1,Clean_Data!$N$2:$N$1001))} -> 1 | D19: {=CORREL(IF(Clean_Data!$V$2:$V$1001=1,Clean_Data!$N$2:$N$1001),IF(Clean_Data!$V$2:$V$1001=1,Clean_Data!$O$2:$O$1001))} -> 0.33770561 | E19: {=CORREL(IF(Clean_Data!$V$2:$V$1001=1,Clean_Data!$N$2:$N$1001),IF(Clean_Data!$V$2:$V$1001=1,Clean_Data!$AD$2:$AD$1001))} -> 0.46990115 | F19: {=CORREL(IF(Clean_Data!$V$2:$V$1001=1,Clean_Data!$N$2:$N$1001),IF(Clean_Data!$V$2:$V$1001=1,Clean_Data!$AE$2:$AE$1001))} -> 0.42123296 | G19: {=CORREL(IF(Clean_Data!$V$2:$V$1001=1,Clean_Data!$N$2:$N$1001),IF(Clean_Data!$V$2:$V$1001=1,Clean_Data!$AF$2:$AF$1001))} -> -0.25940745 | H19: {=CORREL(IF(Clean_Data!$V$2:$V$1001=1,Clean_Data!$N$2:$N$1001),IF(Clean_Data!$V$2:$V$1001=1,Clean_Data!$AG$2:$AG$1001))} -> 0.12939985
A20: Registered rentals | B20: {=CORREL(IF(Clean_Data!$V$2:$V$1001=1,Clean_Data!$O$2:$O$1001),IF(Clean_Data!$V$2:$V$1001=1,Clean_Data!$P$2:$P$1001))} -> 0.98999319 | C20: {=CORREL(IF(Clean_Data!$V$2:$V$1001=1,Clean_Data!$O$2:$O$1001),IF(Clean_Data!$V$2:$V$1001=1,Clean_Data!$N$2:$N$1001))} -> 0.33770561 | D20: {=CORREL(IF(Clean_Data!$V$2:$V$1001=1,Clean_Data!$O$2:$O$1001),IF(Clean_Data!$V$2:$V$1001=1,Clean_Data!$O$2:$O$1001))} -> 1 | E20: {=CORREL(IF(Clean_Data!$V$2:$V$1001=1,Clean_Data!$O$2:$O$1001),IF(Clean_Data!$V$2:$V$1001=1,Clean_Data!$AD$2:$AD$1001))} -> 0.1687313 | F20: {=CORREL(IF(Clean_Data!$V$2:$V$1001=1,Clean_Data!$O$2:$O$1001),IF(Clean_Data!$V$2:$V$1001=1,Clean_Data!$AE$2:$AE$1001))} -> 0.12768358 | G20: {=CORREL(IF(Clean_Data!$V$2:$V$1001=1,Clean_Data!$O$2:$O$1001),IF(Clean_Data!$V$2:$V$1001=1,Clean_Data!$AF$2:$AF$1001))} -> -0.22937044 | H20: {=CORREL(IF(Clean_Data!$V$2:$V$1001=1,Clean_Data!$O$2:$O$1001),IF(Clean_Data!$V$2:$V$1001=1,Clean_Data!$AG$2:$AG$1001))} -> 0.090064484
A21: Temperature (C) | B21: {=CORREL(IF(Clean_Data!$V$2:$V$1001=1,Clean_Data!$AD$2:$AD$1001),IF(Clean_Data!$V$2:$V$1001=1,Clean_Data!$P$2:$P$1001))} -> 0.22894892 | C21: {=CORREL(IF(Clean_Data!$V$2:$V$1001=1,Clean_Data!$AD$2:$AD$1001),IF(Clean_Data!$V$2:$V$1001=1,Clean_Data!$N$2:$N$1001))} -> 0.46990115 | D21: {=CORREL(IF(Clean_Data!$V$2:$V$1001=1,Clean_Data!$AD$2:$AD$1001),IF(Clean_Data!$V$2:$V$1001=1,Clean_Data!$O$2:$O$1001))} -> 0.1687313 | E21: {=CORREL(IF(Clean_Data!$V$2:$V$1001=1,Clean_Data!$AD$2:$AD$1001),IF(Clean_Data!$V$2:$V$1001=1,Clean_Data!$AD$2:$AD$1001))} -> 1 | F21: {=CORREL(IF(Clean_Data!$V$2:$V$1001=1,Clean_Data!$AD$2:$AD$1001),IF(Clean_Data!$V$2:$V$1001=1,Clean_Data!$AE$2:$AE$1001))} -> 0.93428132 | G21: {=CORREL(IF(Clean_Data!$V$2:$V$1001=1,Clean_Data!$AD$2:$AD$1001),IF(Clean_Data!$V$2:$V$1001=1,Clean_Data!$AF$2:$AF$1001))} -> 0.080541352 | H21: {=CORREL(IF(Clean_Data!$V$2:$V$1001=1,Clean_Data!$AD$2:$AD$1001),IF(Clean_Data!$V$2:$V$1001=1,Clean_Data!$AG$2:$AG$1001))} -> 0.12214423
A22: Feels-like temp (C) | B22: {=CORREL(IF(Clean_Data!$V$2:$V$1001=1,Clean_Data!$AE$2:$AE$1001),IF(Clean_Data!$V$2:$V$1001=1,Clean_Data!$P$2:$P$1001))} -> 0.18309372 | C22: {=CORREL(IF(Clean_Data!$V$2:$V$1001=1,Clean_Data!$AE$2:$AE$1001),IF(Clean_Data!$V$2:$V$1001=1,Clean_Data!$N$2:$N$1001))} -> 0.42123296 | D22: {=CORREL(IF(Clean_Data!$V$2:$V$1001=1,Clean_Data!$AE$2:$AE$1001),IF(Clean_Data!$V$2:$V$1001=1,Clean_Data!$O$2:$O$1001))} -> 0.12768358 | E22: {=CORREL(IF(Clean_Data!$V$2:$V$1001=1,Clean_Data!$AE$2:$AE$1001),IF(Clean_Data!$V$2:$V$1001=1,Clean_Data!$AD$2:$AD$1001))} -> 0.93428132 | F22: {=CORREL(IF(Clean_Data!$V$2:$V$1001=1,Clean_Data!$AE$2:$AE$1001),IF(Clean_Data!$V$2:$V$1001=1,Clean_Data!$AE$2:$AE$1001))} -> 1 | G22: {=CORREL(IF(Clean_Data!$V$2:$V$1001=1,Clean_Data!$AE$2:$AE$1001),IF(Clean_Data!$V$2:$V$1001=1,Clean_Data!$AF$2:$AF$1001))} -> 0.20626118 | H22: {=CORREL(IF(Clean_Data!$V$2:$V$1001=1,Clean_Data!$AE$2:$AE$1001),IF(Clean_Data!$V$2:$V$1001=1,Clean_Data!$AG$2:$AG$1001))} -> -0.20149511
A23: Humidity (%) | B23: {=CORREL(IF(Clean_Data!$V$2:$V$1001=1,Clean_Data!$AF$2:$AF$1001),IF(Clean_Data!$V$2:$V$1001=1,Clean_Data!$P$2:$P$1001))} -> -0.2543533 | C23: {=CORREL(IF(Clean_Data!$V$2:$V$1001=1,Clean_Data!$AF$2:$AF$1001),IF(Clean_Data!$V$2:$V$1001=1,Clean_Data!$N$2:$N$1001))} -> -0.25940745 | D23: {=CORREL(IF(Clean_Data!$V$2:$V$1001=1,Clean_Data!$AF$2:$AF$1001),IF(Clean_Data!$V$2:$V$1001=1,Clean_Data!$O$2:$O$1001))} -> -0.22937044 | E23: {=CORREL(IF(Clean_Data!$V$2:$V$1001=1,Clean_Data!$AF$2:$AF$1001),IF(Clean_Data!$V$2:$V$1001=1,Clean_Data!$AD$2:$AD$1001))} -> 0.080541352 | F23: {=CORREL(IF(Clean_Data!$V$2:$V$1001=1,Clean_Data!$AF$2:$AF$1001),IF(Clean_Data!$V$2:$V$1001=1,Clean_Data!$AE$2:$AE$1001))} -> 0.20626118 | G23: {=CORREL(IF(Clean_Data!$V$2:$V$1001=1,Clean_Data!$AF$2:$AF$1001),IF(Clean_Data!$V$2:$V$1001=1,Clean_Data!$AF$2:$AF$1001))} -> 1 | H23: {=CORREL(IF(Clean_Data!$V$2:$V$1001=1,Clean_Data!$AF$2:$AF$1001),IF(Clean_Data!$V$2:$V$1001=1,Clean_Data!$AG$2:$AG$1001))} -> -0.3855544
A24: Wind speed (km/h) | B24: {=CORREL(IF(Clean_Data!$V$2:$V$1001=1,Clean_Data!$AG$2:$AG$1001),IF(Clean_Data!$V$2:$V$1001=1,Clean_Data!$P$2:$P$1001))} -> 0.10400327 | C24: {=CORREL(IF(Clean_Data!$V$2:$V$1001=1,Clean_Data!$AG$2:$AG$1001),IF(Clean_Data!$V$2:$V$1001=1,Clean_Data!$N$2:$N$1001))} -> 0.12939985 | D24: {=CORREL(IF(Clean_Data!$V$2:$V$1001=1,Clean_Data!$AG$2:$AG$1001),IF(Clean_Data!$V$2:$V$1001=1,Clean_Data!$O$2:$O$1001))} -> 0.090064484 | E24: {=CORREL(IF(Clean_Data!$V$2:$V$1001=1,Clean_Data!$AG$2:$AG$1001),IF(Clean_Data!$V$2:$V$1001=1,Clean_Data!$AD$2:$AD$1001))} -> 0.12214423 | F24: {=CORREL(IF(Clean_Data!$V$2:$V$1001=1,Clean_Data!$AG$2:$AG$1001),IF(Clean_Data!$V$2:$V$1001=1,Clean_Data!$AE$2:$AE$1001))} -> -0.20149511 | G24: {=CORREL(IF(Clean_Data!$V$2:$V$1001=1,Clean_Data!$AG$2:$AG$1001),IF(Clean_Data!$V$2:$V$1001=1,Clean_Data!$AF$2:$AF$1001))} -> -0.3855544 | H24: {=CORREL(IF(Clean_Data!$V$2:$V$1001=1,Clean_Data!$AG$2:$AG$1001),IF(Clean_Data!$V$2:$V$1001=1,Clean_Data!$AG$2:$AG$1001))} -> 1
A25: Reading guide: |r| >= 0.7 strong, 0.4-0.7 moderate, 0.2-0.4 weak, < 0.2 negligible.
A27: Driver vs total rentals | B27: r with cnt | C27: Strength | D27: Direction
A28: Temperature (C) | B28: =E18 -> 0.22894892 | C28: =IF(ABS(B28)>=0.7,"Strong",IF(ABS(B28)>=0.4,"Moderate",IF(ABS(B28)>=0.2,"Weak","Negligible"))) -> Weak | D28: =IF(B28>0,"Positive","Negative") -> Positive
A29: Feels-like temp (C) | B29: =F18 -> 0.18309372 | C29: =IF(ABS(B29)>=0.7,"Strong",IF(ABS(B29)>=0.4,"Moderate",IF(ABS(B29)>=0.2,"Weak","Negligible"))) -> Negligible | D29: =IF(B29>0,"Positive","Negative") -> Positive
A30: Humidity (%) | B30: =G18 -> -0.2543533 | C30: =IF(ABS(B30)>=0.7,"Strong",IF(ABS(B30)>=0.4,"Moderate",IF(ABS(B30)>=0.2,"Weak","Negligible"))) -> Weak | D30: =IF(B30>0,"Positive","Negative") -> Negative
A31: Wind speed (km/h) | B31: =H18 -> 0.10400327 | C31: =IF(ABS(B31)>=0.7,"Strong",IF(ABS(B31)>=0.4,"Moderate",IF(ABS(B31)>=0.2,"Weak","Negligible"))) -> Negligible | D31: =IF(B31>0,"Positive","Negative") -> Positive
A34: C. COUNTIF / SUMIF / AVERAGEIF applications
A36: Question | E36: Result | F36: Function used
A37: Hours with more than 100 rentals | E37: =COUNTIFS(Clean_Data!$P$2:$P$1001,">100",Clean_Data!$V$2:$V$1001,1) -> 170 | F37: COUNTIF
A38: Share of all hours with more than 100 rentals | E38: =IFERROR(E37/B6,0) -> 0.17 | F38: COUNTIF / COUNT
A39: Hours with zero casual riders | E39: =COUNTIFS(Clean_Data!$N$2:$N$1001,0,Clean_Data!$V$2:$V$1001,1) -> 255 | F39: COUNTIF
A40: Hours with rain / snow (weather code 3 or 4) | E40: =COUNTIFS(Clean_Data!$I$2:$I$1001,">=3",Clean_Data!$V$2:$V$1001,1) -> 85 | F40: COUNTIF
A41: Total rentals during rain / snow hours | E41: =SUMIFS(Clean_Data!$P$2:$P$1001,Clean_Data!$I$2:$I$1001,">=3",Clean_Data!$V$2:$V$1001,1) -> 2825 | F41: SUMIF
A42: Total rentals on the public holiday | E42: =SUMIFS(Clean_Data!$P$2:$P$1001,Clean_Data!$G$2:$G$1001,1,Clean_Data!$V$2:$V$1001,1) -> 1000 | F42: SUMIF
A43: Average rentals when humidity above 80% | E43: =AVERAGEIFS(Clean_Data!$P$2:$P$1001,Clean_Data!$AF$2:$AF$1001,">80",Clean_Data!$V$2:$V$1001,1) -> 42.74026 | F43: AVERAGEIF
A44: Average rentals when humidity 80% or below | E44: =AVERAGEIFS(Clean_Data!$P$2:$P$1001,Clean_Data!$AF$2:$AF$1001,"<=80",Clean_Data!$V$2:$V$1001,1) -> 61.137116 | F44: AVERAGEIF
A45: Average rentals when wind above 20 km/h | E45: =AVERAGEIFS(Clean_Data!$P$2:$P$1001,Clean_Data!$AG$2:$AG$1001,">20",Clean_Data!$V$2:$V$1001,1) -> 68.966667 | F45: AVERAGEIF
A46: Average rentals when wind 20 km/h or below | E46: =AVERAGEIFS(Clean_Data!$P$2:$P$1001,Clean_Data!$AG$2:$AG$1001,"<=20",Clean_Data!$V$2:$V$1001,1) -> 55.963415 | F46: AVERAGEIF
A47: Hours flagged as statistical anomalies | E47: =COUNTIF(Clean_Data!$AN$2:$AN$1001,"High spike")+COUNTIF(Clean_Data!$AN$2:$AN$1001,"Unusual low") -> 5 | F47: COUNTIF
A50: D. Variability by weather situation (STDEV)
A52: Weather | B52: Records | C52: Mean | D52: Std dev | E52: CV
A53: Clear | B53: =COUNTIFS(Clean_Data!$AA$2:$AA$1001,A53,Clean_Data!$V$2:$V$1001,1) -> 606 | C53: =IFERROR(AVERAGEIFS(Clean_Data!$P$2:$P$1001,Clean_Data!$AA$2:$AA$1001,A53,Clean_Data!$V$2:$V$1001,1),0) -> 61.671617 | D53: {=IFERROR(STDEV(IF((Clean_Data!$AA$2:$AA$1001=A53)*(Clean_Data!$V$2:$V$1001=1),Clean_Data!$P$2:$P$1001)),0)} -> 52.059306 | E53: =IFERROR(D53/C53,0) -> 0.84413719
A54: Mist/Cloudy | B54: =COUNTIFS(Clean_Data!$AA$2:$AA$1001,A54,Clean_Data!$V$2:$V$1001,1) -> 309 | C54: =IFERROR(AVERAGEIFS(Clean_Data!$P$2:$P$1001,Clean_Data!$AA$2:$AA$1001,A54,Clean_Data!$V$2:$V$1001,1),0) -> 58.595469 | D54: {=IFERROR(STDEV(IF((Clean_Data!$AA$2:$AA$1001=A54)*(Clean_Data!$V$2:$V$1001=1),Clean_Data!$P$2:$P$1001)),0)} -> 51.424211 | E54: =IFERROR(D54/C54,0) -> 0.87761411
A55: Light Rain/Snow | B55: =COUNTIFS(Clean_Data!$AA$2:$AA$1001,A55,Clean_Data!$V$2:$V$1001,1) -> 84 | C55: =IFERROR(AVERAGEIFS(Clean_Data!$P$2:$P$1001,Clean_Data!$AA$2:$AA$1001,A55,Clean_Data!$V$2:$V$1001,1),0) -> 33.202381 | D55: {=IFERROR(STDEV(IF((Clean_Data!$AA$2:$AA$1001=A55)*(Clean_Data!$V$2:$V$1001=1),Clean_Data!$P$2:$P$1001)),0)} -> 31.519655 | E55: =IFERROR(D55/C55,0) -> 0.94931913
A56: Heavy Rain/Snow | B56: =COUNTIFS(Clean_Data!$AA$2:$AA$1001,A56,Clean_Data!$V$2:$V$1001,1) -> 1 | C56: =IFERROR(AVERAGEIFS(Clean_Data!$P$2:$P$1001,Clean_Data!$AA$2:$AA$1001,A56,Clean_Data!$V$2:$V$1001,1),0) -> 36 | D56: {=IFERROR(STDEV(IF((Clean_Data!$AA$2:$AA$1001=A56)*(Clean_Data!$V$2:$V$1001=1),Clean_Data!$P$2:$P$1001)),0)} -> 0 | E56: =IFERROR(D56/C56,0) -> 0
A58: Heavy Rain/Snow has a single record, so its standard deviation is not meaningful.

Sheet Daily_Trend
A1: Daily demand trend, forecast and anomaly detection
A2: Model: daily total rentals = intercept + trend x day + weekend effect (least squares, LINEST). The last day is excluded when the data stops before 23:00.
A4: First date in data | C4: =MIN(Clean_Data!$B$2:$B$1001) -> 40544
A5: Last date in data | C5: =MAX(Clean_Data!$B$2:$B$1001) -> 40588
A6: Latest hour recorded on last date | C6: =_xlfn.MAXIFS(Clean_Data!$F$2:$F$1001,Clean_Data!$B$2:$B$1001,C5,Clean_Data!$V$2:$V$1001,1) -> 7
A7: Days in data | C7: =C5-C4+1 -> 45
A8: Days used in model (complete days) | C8: =C7-IF(C6<23,1,0) -> 44
A9: Intercept (rentals) | C9: =INDEX(LINEST($E$19:INDEX($E$19:$E$63,$C$8),$J$19:INDEX($K$19:$K$63,$C$8),TRUE,TRUE),1,3) -> 1237.5422
A10: Trend (extra rentals per day) | C10: =INDEX(LINEST($E$19:INDEX($E$19:$E$63,$C$8),$J$19:INDEX($K$19:$K$63,$C$8),TRUE,TRUE),1,1) -> 7.6410853
A11: Weekend effect (rentals per day) | C11: =INDEX(LINEST($E$19:INDEX($E$19:$E$63,$C$8),$J$19:INDEX($K$19:$K$63,$C$8),TRUE,TRUE),1,2) -> -275.96667
A12: R-squared | C12: =INDEX(LINEST($E$19:INDEX($E$19:$E$63,$C$8),$J$19:INDEX($K$19:$K$63,$C$8),TRUE,TRUE),3,1) -> 0.20964147
A13: Standard error of estimate | C13: =INDEX(LINEST($E$19:INDEX($E$19:$E$63,$C$8),$J$19:INDEX($K$19:$K$63,$C$8),TRUE,TRUE),3,2) -> 323.93966
A14: Mean daily rentals (complete days) | C14: =AVERAGE($E$19:INDEX($E$19:$E$63,$C$8)) -> 1321.6591
A15: Days flagged as anomalies | C15: =COUNTIF($P$19:$P$63,"Anomaly") -> 3
R17: 7-day forecast (days after the last complete day)
A18: Date | B18: Day | C18: Day type | D18: Records | E18: Total rentals | F18: Casual | G18: Registered | H18: Avg temp (C) | I18: Avg humidity % | J18: Weekend flag | K18: Day no. | L18: Status | M18: Model value | N18: Residual | O18: z (residual) | P18: Flag | R18: Date | S18: Day | T18: Weekend flag | U18: Day no. | V18: Forecast (regression) | W18: Lower (95%) | X18: Upper (95%) | Y18: Forecast (ETS)
A19: =$C$4 -> 40544 | B19: =IF($A19="","",TEXT(A19,"ddd")) -> Sat | C19: =IF($A19="","",IF(J19=1,"Weekend","Weekday")) -> Weekend | D19: =IF($A19="","",COUNTIFS(Clean_Data!$B$2:$B$1001,$A19,Clean_Data!$V$2:$V$1001,1)) -> 24 | E19: =IF($A19="","",SUMIFS(Clean_Data!$P$2:$P$1001,Clean_Data!$B$2:$B$1001,$A19,Clean_Data!$V$2:$V$1001,1)) -> 985 | F19: =IF($A19="","",SUMIFS(Clean_Data!$N$2:$N$1001,Clean_Data!$B$2:$B$1001,$A19,Clean_Data!$V$2:$V$1001,1)) -> 331 | G19: =IF($A19="","",SUMIFS(Clean_Data!$O$2:$O$1001,Clean_Data!$B$2:$B$1001,$A19,Clean_Data!$V$2:$V$1001,1)) -> 654 | H19: =IF($A19="","",IFERROR(AVERAGEIFS(Clean_Data!$AD$2:$AD$1001,Clean_Data!$B$2:$B$1001,$A19,Clean_Data!$V$2:$V$1001,1),"")) -> 14.1 | I19: =IF($A19="","",IFERROR(AVERAGEIFS(Clean_Data!$AF$2:$AF$1001,Clean_Data!$B$2:$B$1001,$A19,Clean_Data!$V$2:$V$1001,1),"")) -> 80.583333 | J19: =IF($A19="","",IF(OR(WEEKDAY(A19)=1,WEEKDAY(A19)=7),1,0)) -> 1 | K19: =IF($A19="","",A19-$C$4+1) -> 1 | L19: =IF($A19="","",IF(AND(A19=$C$5,$C$6<23),"Partial","Full")) -> Full | M19: =IF($A19="","",$C$9+$C$10*K19+$C$11*J19) -> 969.21667 | N19: =IF($A19="","",IF(L19="Full",E19-M19,"")) -> 15.783333 | O19: =IF($A19="","",IF(N19="","",N19/$C$13)) -> 0.048723066 | P19: =IF($A19="","",IF(O19="","",IF(ABS(O19)>=Lookups!$K$12,"Anomaly","Normal"))) -> Normal | R19: =INDEX($A$19:$A$63,$C$8)+1 -> 40588 | S19: =TEXT(R19,"ddd") -> Mon | T19: =IF(OR(WEEKDAY(R19)=1,WEEKDAY(R19)=7),1,0) -> 0 | U19: =R19-$C$4+1 -> 45 | V19: =$C$9+$C$10*U19+$C$11*T19 -> 1581.3911 | W19: =V19-1.96*$C$13 -> 946.46936 | X19: =V19+1.96*$C$13 -> 2216.3128 | Y19: =IFERROR(_xlfn.FORECAST.ETS(R19,$E$19:INDEX($E$19:$E$63,$C$8),$A$19:INDEX($A$19:$A$63,$C$8)),"n/a") -> 869.603
A20: =IF(A19="","",IF(A19+1>$C$5,"",A19+1)) -> 40545 | B20: =IF($A20="","",TEXT(A20,"ddd")) -> Sun | C20: =IF($A20="","",IF(J20=1,"Weekend","Weekday")) -> Weekend | D20: =IF($A20="","",COUNTIFS(Clean_Data!$B$2:$B$1001,$A20,Clean_Data!$V$2:$V$1001,1)) -> 23 | E20: =IF($A20="","",SUMIFS(Clean_Data!$P$2:$P$1001,Clean_Data!$B$2:$B$1001,$A20,Clean_Data!$V$2:$V$1001,1)) -> 801 | F20: =IF($A20="","",SUMIFS(Clean_Data!$N$2:$N$1001,Clean_Data!$B$2:$B$1001,$A20,Clean_Data!$V$2:$V$1001,1)) -> 131 | G20: =IF($A20="","",SUMIFS(Clean_Data!$O$2:$O$1001,Clean_Data!$B$2:$B$1001,$A20,Clean_Data!$V$2:$V$1001,1)) -> 670 | H20: =IF($A20="","",IFERROR(AVERAGEIFS(Clean_Data!$AD$2:$AD$1001,Clean_Data!$B$2:$B$1001,$A20,Clean_Data!$V$2:$V$1001,1),"")) -> 14.908696 | I20: =IF($A20="","",IFERROR(AVERAGEIFS(Clean_Data!$AF$2:$AF$1001,Clean_Data!$B$2:$B$1001,$A20,Clean_Data!$V$2:$V$1001,1),"")) -> 69.608696 | J20: =IF($A20="","",IF(OR(WEEKDAY(A20)=1,WEEKDAY(A20)=7),1,0)) -> 1 | K20: =IF($A20="","",A20-$C$4+1) -> 2 | L20: =IF($A20="","",IF(AND(A20=$C$5,$C$6<23),"Partial","Full")) -> Full | M20: =IF($A20="","",$C$9+$C$10*K20+$C$11*J20) -> 976.85775 | N20: =IF($A20="","",IF(L20="Full",E20-M20,"")) -> -175.85775 | O20: =IF($A20="","",IF(N20="","",N20/$C$13)) -> -0.54287194 | P20: =IF($A20="","",IF(O20="","",IF(ABS(O20)>=Lookups!$K$12,"Anomaly","Normal"))) -> Normal | R20: =R19+1 -> 40589 | S20: =TEXT(R20,"ddd") -> Tue | T20: =IF(OR(WEEKDAY(R20)=1,WEEKDAY(R20)=7),1,0) -> 0 | U20: =R20-$C$4+1 -> 46 | V20: =$C$9+$C$10*U20+$C$11*T20 -> 1589.0322 | W20: =V20-1.96*$C$13 -> 954.11044 | X20: =V20+1.96*$C$13 -> 2223.9539 | Y20: =IFERROR(_xlfn.FORECAST.ETS(R20,$E$19:INDEX($E$19:$E$63,$C$8),$A$19:INDEX($A$19:$A$63,$C$8)),"n/a") -> 1435.5283
A21: =IF(A20="","",IF(A20+1>$C$5,"",A20+1)) -> 40546 | B21: =IF($A21="","",TEXT(A21,"ddd")) -> Mon | C21: =IF($A21="","",IF(J21=1,"Weekend","Weekday")) -> Weekday | D21: =IF($A21="","",COUNTIFS(Clean_Data!$B$2:$B$1001,$A21,Clean_Data!$V$2:$V$1001,1)) -> 22 | E21: =IF($A21="","",SUMIFS(Clean_Data!$P$2:$P$1001,Clean_Data!$B$2:$B$1001,$A21,Clean_Data!$V$2:$V$1001,1)) -> 1349 | F21: =IF($A21="","",SUMIFS(Clean_Data!$N$2:$N$1001,Clean_Data!$B$2:$B$1001,$A21,Clean_Data!$V$2:$V$1001,1)) -> 120 | G21: =IF($A21="","",SUMIFS(Clean_Data!$O$2:$O$1001,Clean_Data!$B$2:$B$1001,$A21,Clean_Data!$V$2:$V$1001,1)) -> 1229 | H21: =IF($A21="","",IFERROR(AVERAGEIFS(Clean_Data!$AD$2:$AD$1001,Clean_Data!$B$2:$B$1001,$A21,Clean_Data!$V$2:$V$1001,1),"")) -> 8.05 | I21: =IF($A21="","",IFERROR(AVERAGEIFS(Clean_Data!$AF$2:$AF$1001,Clean_Data!$B$2:$B$1001,$A21,Clean_Data!$V$2:$V$1001,1),"")) -> 43.727273 | J21: =IF($A21="","",IF(OR(WEEKDAY(A21)=1,WEEKDAY(A21)=7),1,0)) -> 0 | K21: =IF($A21="","",A21-$C$4+1) -> 3 | L21: =IF($A21="","",IF(AND(A21=$C$5,$C$6<23),"Partial","Full")) -> Full | M21: =IF($A21="","",$C$9+$C$10*K21+$C$11*J21) -> 1260.4655 | N21: =IF($A21="","",IF(L21="Full",E21-M21,"")) -> 88.534496 | O21: =IF($A21="","",IF(N21="","",N21/$C$13)) -> 0.27330552 | P21: =IF($A21="","",IF(O21="","",IF(ABS(O21)>=Lookups!$K$12,"Anomaly","Normal"))) -> Normal | R21: =R20+1 -> 40590 | S21: =TEXT(R21,"ddd") -> Wed | T21: =IF(OR(WEEKDAY(R21)=1,WEEKDAY(R21)=7),1,0) -> 0 | U21: =R21-$C$4+1 -> 47 | V21: =$C$9+$C$10*U21+$C$11*T21 -> 1596.6733 | W21: =V21-1.96*$C$13 -> 961.75153 | X21: =V21+1.96*$C$13 -> 2231.595 | Y21: =IFERROR(_xlfn.FORECAST.ETS(R21,$E$19:INDEX($E$19:$E$63,$C$8),$A$19:INDEX($A$19:$A$63,$C$8)),"n/a") -> 1375.463
A22: =IF(A21="","",IF(A21+1>$C$5,"",A21+1)) -> 40547 | B22: =IF($A22="","",TEXT(A22,"ddd")) -> Tue | C22: =IF($A22="","",IF(J22=1,"Weekend","Weekday")) -> Weekday | D22: =IF($A22="","",COUNTIFS(Clean_Data!$B$2:$B$1001,$A22,Clean_Data!$V$2:$V$1001,1)) -> 23 | E22: =IF($A22="","",SUMIFS(Clean_Data!$P$2:$P$1001,Clean_Data!$B$2:$B$1001,$A22,Clean_Data!$V$2:$V$1001,1)) -> 1562 | F22: =IF($A22="","",SUMIFS(Clean_Data!$N$2:$N$1001,Clean_Data!$B$2:$B$1001,$A22,Clean_Data!$V$2:$V$1001,1)) -> 108 | G22: =IF($A22="","",SUMIFS(Clean_Data!$O$2:$O$1001,Clean_Data!$B$2:$B$1001,$A22,Clean_Data!$V$2:$V$1001,1)) -> 1454 | H22: =IF($A22="","",IFERROR(AVERAGEIFS(Clean_Data!$AD$2:$AD$1001,Clean_Data!$B$2:$B$1001,$A22,Clean_Data!$V$2:$V$1001,1),"")) -> 8.1956522 | I22: =IF($A22="","",IFERROR(AVERAGEIFS(Clean_Data!$AF$2:$AF$1001,Clean_Data!$B$2:$B$1001,$A22,Clean_Data!$V$2:$V$1001,1),"")) -> 59.043478 | J22: =IF($A22="","",IF(OR(WEEKDAY(A22)=1,WEEKDAY(A22)=7),1,0)) -> 0 | K22: =IF($A22="","",A22-$C$4+1) -> 4 | L22: =IF($A22="","",IF(AND(A22=$C$5,$C$6<23),"Partial","Full")) -> Full | M22: =IF($A22="","",$C$9+$C$10*K22+$C$11*J22) -> 1268.1066 | N22: =IF($A22="","",IF(L22="Full",E22-M22,"")) -> 293.89341 | O22: =IF($A22="","",IF(N22="","",N22/$C$13)) -> 0.90724739 | P22: =IF($A22="","",IF(O22="","",IF(ABS(O22)>=Lookups!$K$12,"Anomaly","Normal"))) -> Normal | R22: =R21+1 -> 40591 | S22: =TEXT(R22,"ddd") -> Thu | T22: =IF(OR(WEEKDAY(R22)=1,WEEKDAY(R22)=7),1,0) -> 0 | U22: =R22-$C$4+1 -> 48 | V22: =$C$9+$C$10*U22+$C$11*T22 -> 1604.3143 | W22: =V22-1.96*$C$13 -> 969.39261 | X22: =V22+1.96*$C$13 -> 2239.2361 | Y22: =IFERROR(_xlfn.FORECAST.ETS(R22,$E$19:INDEX($E$19:$E$63,$C$8),$A$19:INDEX($A$19:$A$63,$C$8)),"n/a") -> 1302.5668
A23: =IF(A22="","",IF(A22+1>$C$5,"",A22+1)) -> 40548 | B23: =IF($A23="","",TEXT(A23,"ddd")) -> Wed | C23: =IF($A23="","",IF(J23=1,"Weekend","Weekday")) -> Weekday | D23: =IF($A23="","",COUNTIFS(Clean_Data!$B$2:$B$1001,$A23,Clean_Data!$V$2:$V$1001,1)) -> 23 | E23: =IF($A23="","",SUMIFS(Clean_Data!$P$2:$P$1001,Clean_Data!$B$2:$B$1001,$A23,Clean_Data!$V$2:$V$1001,1)) -> 1600 | F23: =IF($A23="","",SUMIFS(Clean_Data!$N$2:$N$1001,Clean_Data!$B$2:$B$1001,$A23,Clean_Data!$V$2:$V$1001,1)) -> 82 | G23: =IF($A23="","",SUMIFS(Clean_Data!$O$2:$O$1001,Clean_Data!$B$2:$B$1001,$A23,Clean_Data!$V$2:$V$1001,1)) -> 1518 | H23: =IF($A23="","",IFERROR(AVERAGEIFS(Clean_Data!$AD$2:$AD$1001,Clean_Data!$B$2:$B$1001,$A23,Clean_Data!$V$2:$V$1001,1),"")) -> 9.3043478 | I23: =IF($A23="","",IFERROR(AVERAGEIFS(Clean_Data!$AF$2:$AF$1001,Clean_Data!$B$2:$B$1001,$A23,Clean_Data!$V$2:$V$1001,1),"")) -> 43.695652 | J23: =IF($A23="","",IF(OR(WEEKDAY(A23)=1,WEEKDAY(A23)=7),1,0)) -> 0 | K23: =IF($A23="","",A23-$C$4+1) -> 5 | L23: =IF($A23="","",IF(AND(A23=$C$5,$C$6<23),"Partial","Full")) -> Full | M23: =IF($A23="","",$C$9+$C$10*K23+$C$11*J23) -> 1275.7477 | N23: =IF($A23="","",IF(L23="Full",E23-M23,"")) -> 324.25233 | O23: =IF($A23="","",IF(N23="","",N23/$C$13)) -> 1.0009652 | P23: =IF($A23="","",IF(O23="","",IF(ABS(O23)>=Lookups!$K$12,"Anomaly","Normal"))) -> Normal | R23: =R22+1 -> 40592 | S23: =TEXT(R23,"ddd") -> Fri | T23: =IF(OR(WEEKDAY(R23)=1,WEEKDAY(R23)=7),1,0) -> 0 | U23: =R23-$C$4+1 -> 49 | V23: =$C$9+$C$10*U23+$C$11*T23 -> 1611.9554 | W23: =V23-1.96*$C$13 -> 977.0337 | X23: =V23+1.96*$C$13 -> 2246.8772 | Y23: =IFERROR(_xlfn.FORECAST.ETS(R23,$E$19:INDEX($E$19:$E$63,$C$8),$A$19:INDEX($A$19:$A$63,$C$8)),"n/a") -> 1591.2177
A24: =IF(A23="","",IF(A23+1>$C$5,"",A23+1)) -> 40549 | B24: =IF($A24="","",TEXT(A24,"ddd")) -> Thu | C24: =IF($A24="","",IF(J24=1,"Weekend","Weekday")) -> Weekday | D24: =IF($A24="","",COUNTIFS(Clean_Data!$B$2:$B$1001,$A24,Clean_Data!$V$2:$V$1001,1)) -> 23 | E24: =IF($A24="","",SUMIFS(Clean_Data!$P$2:$P$1001,Clean_Data!$B$2:$B$1001,$A24,Clean_Data!$V$2:$V$1001,1)) -> 1606 | F24: =IF($A24="","",SUMIFS(Clean_Data!$N$2:$N$1001,Clean_Data!$B$2:$B$1001,$A24,Clean_Data!$V$2:$V$1001,1)) -> 88 | G24: =IF($A24="","",SUMIFS(Clean_Data!$O$2:$O$1001,Clean_Data!$B$2:$B$1001,$A24,Clean_Data!$V$2:$V$1001,1)) -> 1518 | H24: =IF($A24="","",IFERROR(AVERAGEIFS(Clean_Data!$AD$2:$AD$1001,Clean_Data!$B$2:$B$1001,$A24,Clean_Data!$V$2:$V$1001,1),"")) -> 8.3869565 | I24: =IF($A24="","",IFERROR(AVERAGEIFS(Clean_Data!$AF$2:$AF$1001,Clean_Data!$B$2:$B$1001,$A24,Clean_Data!$V$2:$V$1001,1),"")) -> 51.826087 | J24: =IF($A24="","",IF(OR(WEEKDAY(A24)=1,WEEKDAY(A24)=7),1,0)) -> 0 | K24: =IF($A24="","",A24-$C$4+1) -> 6 | L24: =IF($A24="","",IF(AND(A24=$C$5,$C$6<23),"Partial","Full")) -> Full | M24: =IF($A24="","",$C$9+$C$10*K24+$C$11*J24) -> 1283.3888 | N24: =IF($A24="","",IF(L24="Full",E24-M24,"")) -> 322.61124 | O24: =IF($A24="","",IF(N24="","",N24/$C$13)) -> 0.99589918 | P24: =IF($A24="","",IF(O24="","",IF(ABS(O24)>=Lookups!$K$12,"Anomaly","Normal"))) -> Normal | R24: =R23+1 -> 40593 | S24: =TEXT(R24,"ddd") -> Sat | T24: =IF(OR(WEEKDAY(R24)=1,WEEKDAY(R24)=7),1,0) -> 1 | U24: =R24-$C$4+1 -> 50 | V24: =$C$9+$C$10*U24+$C$11*T24 -> 1343.6298 | W24: =V24-1.96*$C$13 -> 708.70811 | X24: =V24+1.96*$C$13 -> 1978.5516 | Y24: =IFERROR(_xlfn.FORECAST.ETS(R24,$E$19:INDEX($E$19:$E$63,$C$8),$A$19:INDEX($A$19:$A$63,$C$8)),"n/a") -> 1563.3219
A25: =IF(A24="","",IF(A24+1>$C$5,"",A24+1)) -> 40550 | B25: =IF($A25="","",TEXT(A25,"ddd")) -> Fri | C25: =IF($A25="","",IF(J25=1,"Weekend","Weekday")) -> Weekday | D25: =IF($A25="","",COUNTIFS(Clean_Data!$B$2:$B$1001,$A25,Clean_Data!$V$2:$V$1001,1)) -> 23 | E25: =IF($A25="","",SUMIFS(Clean_Data!$P$2:$P$1001,Clean_Data!$B$2:$B$1001,$A25,Clean_Data!$V$2:$V$1001,1)) -> 1510 | F25: =IF($A25="","",SUMIFS(Clean_Data!$N$2:$N$1001,Clean_Data!$B$2:$B$1001,$A25,Clean_Data!$V$2:$V$1001,1)) -> 148 | G25: =IF($A25="","",SUMIFS(Clean_Data!$O$2:$O$1001,Clean_Data!$B$2:$B$1001,$A25,Clean_Data!$V$2:$V$1001,1)) -> 1362 | H25: =IF($A25="","",IFERROR(AVERAGEIFS(Clean_Data!$AD$2:$AD$1001,Clean_Data!$B$2:$B$1001,$A25,Clean_Data!$V$2:$V$1001,1),"")) -> 8.0608696 | I25: =IF($A25="","",IFERROR(AVERAGEIFS(Clean_Data!$AF$2:$AF$1001,Clean_Data!$B$2:$B$1001,$A25,Clean_Data!$V$2:$V$1001,1),"")) -> 49.869565 | J25: =IF($A25="","",IF(OR(WEEKDAY(A25)=1,WEEKDAY(A25)=7),1,0)) -> 0 | K25: =IF($A25="","",A25-$C$4+1) -> 7 | L25: =IF($A25="","",IF(AND(A25=$C$5,$C$6<23),"Partial","Full")) -> Full | M25: =IF($A25="","",$C$9+$C$10*K25+$C$11*J25) -> 1291.0298 | N25: =IF($A25="","",IF(L25="Full",E25-M25,"")) -> 218.97016 | O25: =IF($A25="","",IF(N25="","",N25/$C$13)) -> 0.6759597 | P25: =IF($A25="","",IF(O25="","",IF(ABS(O25)>=Lookups!$K$12,"Anomaly","Normal"))) -> Normal | R25: =R24+1 -> 40594 | S25: =TEXT(R25,"ddd") -> Sun | T25: =IF(OR(WEEKDAY(R25)=1,WEEKDAY(R25)=7),1,0) -> 1 | U25: =R25-$C$4+1 -> 51 | V25: =$C$9+$C$10*U25+$C$11*T25 -> 1351.2709 | W25: =V25-1.96*$C$13 -> 716.3492 | X25: =V25+1.96*$C$13 -> 1986.1927 | Y25: =IFERROR(_xlfn.FORECAST.ETS(R25,$E$19:INDEX($E$19:$E$63,$C$8),$A$19:INDEX($A$19:$A$63,$C$8)),"n/a") -> 1483.7124
A26: =IF(A25="","",IF(A25+1>$C$5,"",A25+1)) -> 40551 | B26: =IF($A26="","",TEXT(A26,"ddd")) -> Sat | C26: =IF($A26="","",IF(J26=1,"Weekend","Weekday")) -> Weekend | D26: =IF($A26="","",COUNTIFS(Clean_Data!$B$2:$B$1001,$A26,Clean_Data!$V$2:$V$1001,1)) -> 24 | E26: =IF($A26="","",SUMIFS(Clean_Data!$P$2:$P$1001,Clean_Data!$B$2:$B$1001,$A26,Clean_Data!$V$2:$V$1001,1)) -> 959 | F26: =IF($A26="","",SUMIFS(Clean_Data!$N$2:$N$1001,Clean_Data!$B$2:$B$1001,$A26,Clean_Data!$V$2:$V$1001,1)) -> 68 | G26: =IF($A26="","",SUMIFS(Clean_Data!$O$2:$O$1001,Clean_Data!$B$2:$B$1001,$A26,Clean_Data!$V$2:$V$1001,1)) -> 891 | H26: =IF($A26="","",IFERROR(AVERAGEIFS(Clean_Data!$AD$2:$AD$1001,Clean_Data!$B$2:$B$1001,$A26,Clean_Data!$V$2:$V$1001,1),"")) -> 6.775 | I26: =IF($A26="","",IFERROR(AVERAGEIFS(Clean_Data!$AF$2:$AF$1001,Clean_Data!$B$2:$B$1001,$A26,Clean_Data!$V$2:$V$1001,1),"")) -> 53.583333 | J26: =IF($A26="","",IF(OR(WEEKDAY(A26)=1,WEEKDAY(A26)=7),1,0)) -> 1 | K26: =IF($A26="","",A26-$C$4+1) -> 8 | L26: =IF($A26="","",IF(AND(A26=$C$5,$C$6<23),"Partial","Full")) -> Full | M26: =IF($A26="","",$C$9+$C$10*K26+$C$11*J26) -> 1022.7043 | N26: =IF($A26="","",IF(L26="Full",E26-M26,"")) -> -63.704264 | O26: =IF($A26="","",IF(N26="","",N26/$C$13)) -> -0.19665472 | P26: =IF($A26="","",IF(O26="","",IF(ABS(O26)>=Lookups!$K$12,"Anomaly","Normal"))) -> Normal | R26: Total next 7 days | V26: =SUM(V19:V25) -> 10678.267 | Y26: =IFERROR(SUM(Y19:Y25),"n/a") -> 9621.413
A27: =IF(A26="","",IF(A26+1>$C$5,"",A26+1)) -> 40552 | B27: =IF($A27="","",TEXT(A27,"ddd")) -> Sun | C27: =IF($A27="","",IF(J27=1,"Weekend","Weekday")) -> Weekend | D27: =IF($A27="","",COUNTIFS(Clean_Data!$B$2:$B$1001,$A27,Clean_Data!$V$2:$V$1001,1)) -> 24 | E27: =IF($A27="","",SUMIFS(Clean_Data!$P$2:$P$1001,Clean_Data!$B$2:$B$1001,$A27,Clean_Data!$V$2:$V$1001,1)) -> 822 | F27: =IF($A27="","",SUMIFS(Clean_Data!$N$2:$N$1001,Clean_Data!$B$2:$B$1001,$A27,Clean_Data!$V$2:$V$1001,1)) -> 54 | G27: =IF($A27="","",SUMIFS(Clean_Data!$O$2:$O$1001,Clean_Data!$B$2:$B$1001,$A27,Clean_Data!$V$2:$V$1001,1)) -> 768 | H27: =IF($A27="","",IFERROR(AVERAGEIFS(Clean_Data!$AD$2:$AD$1001,Clean_Data!$B$2:$B$1001,$A27,Clean_Data!$V$2:$V$1001,1),"")) -> 5.6708333 | I27: =IF($A27="","",IFERROR(AVERAGEIFS(Clean_Data!$AF$2:$AF$1001,Clean_Data!$B$2:$B$1001,$A27,Clean_Data!$V$2:$V$1001,1),"")) -> 43.416667 | J27: =IF($A27="","",IF(OR(WEEKDAY(A27)=1,WEEKDAY(A27)=7),1,0)) -> 1 | K27: =IF($A27="","",A27-$C$4+1) -> 9 | L27: =IF($A27="","",IF(AND(A27=$C$5,$C$6<23),"Partial","Full")) -> Full | M27: =IF($A27="","",$C$9+$C$10*K27+$C$11*J27) -> 1030.3453 | N27: =IF($A27="","",IF(L27="Full",E27-M27,"")) -> -208.34535 | O27: =IF($A27="","",IF(N27="","",N27/$C$13)) -> -0.64316098 | P27: =IF($A27="","",IF(O27="","",IF(ABS(O27)>=Lookups!$K$12,"Anomaly","Normal"))) -> Normal | R27: Regression band is +/-1.96 x standard error (approximate). ETS = Excel FORECAST.ETS (exponential smoothing, Forecast Sheet engine) shown for comparison.
A28: =IF(A27="","",IF(A27+1>$C$5,"",A27+1)) -> 40553 | B28: =IF($A28="","",TEXT(A28,"ddd")) -> Mon | C28: =IF($A28="","",IF(J28=1,"Weekend","Weekday")) -> Weekday | D28: =IF($A28="","",COUNTIFS(Clean_Data!$B$2:$B$1001,$A28,Clean_Data!$V$2:$V$1001,1)) -> 24 | E28: =IF($A28="","",SUMIFS(Clean_Data!$P$2:$P$1001,Clean_Data!$B$2:$B$1001,$A28,Clean_Data!$V$2:$V$1001,1)) -> 1321 | F28: =IF($A28="","",SUMIFS(Clean_Data!$N$2:$N$1001,Clean_Data!$B$2:$B$1001,$A28,Clean_Data!$V$2:$V$1001,1)) -> 41 | G28: =IF($A28="","",SUMIFS(Clean_Data!$O$2:$O$1001,Clean_Data!$B$2:$B$1001,$A28,Clean_Data!$V$2:$V$1001,1)) -> 1280 | H28: =IF($A28="","",IFERROR(AVERAGEIFS(Clean_Data!$AD$2:$AD$1001,Clean_Data!$B$2:$B$1001,$A28,Clean_Data!$V$2:$V$1001,1),"")) -> 6.175 | I28: =IF($A28="","",IFERROR(AVERAGEIFS(Clean_Data!$AF$2:$AF$1001,Clean_Data!$B$2:$B$1001,$A28,Clean_Data!$V$2:$V$1001,1),"")) -> 48.291667 | J28: =IF($A28="","",IF(OR(WEEKDAY(A28)=1,WEEKDAY(A28)=7),1,0)) -> 0 | K28: =IF($A28="","",A28-$C$4+1) -> 10 | L28: =IF($A28="","",IF(AND(A28=$C$5,$C$6<23),"Partial","Full")) -> Full | M28: =IF($A28="","",$C$9+$C$10*K28+$C$11*J28) -> 1313.9531 | N28: =IF($A28="","",IF(L28="Full",E28-M28,"")) -> 7.0468992 | O28: =IF($A28="","",IF(N28="","",N28/$C$13)) -> 0.02175374 | P28: =IF($A28="","",IF(O28="","",IF(ABS(O28)>=Lookups!$K$12,"Anomaly","Normal"))) -> Normal | R28: Chart feed (actual vs model vs forecast)
A29: =IF(A28="","",IF(A28+1>$C$5,"",A28+1)) -> 40554 | B29: =IF($A29="","",TEXT(A29,"ddd")) -> Tue | C29: =IF($A29="","",IF(J29=1,"Weekend","Weekday")) -> Weekday | D29: =IF($A29="","",COUNTIFS(Clean_Data!$B$2:$B$1001,$A29,Clean_Data!$V$2:$V$1001,1)) -> 22 | E29: =IF($A29="","",SUMIFS(Clean_Data!$P$2:$P$1001,Clean_Data!$B$2:$B$1001,$A29,Clean_Data!$V$2:$V$1001,1)) -> 1263 | F29: =IF($A29="","",SUMIFS(Clean_Data!$N$2:$N$1001,Clean_Data!$B$2:$B$1001,$A29,Clean_Data!$V$2:$V$1001,1)) -> 43 | G29: =IF($A29="","",SUMIFS(Clean_Data!$O$2:$O$1001,Clean_Data!$B$2:$B$1001,$A29,Clean_Data!$V$2:$V$1001,1)) -> 1220 | H29: =IF($A29="","",IFERROR(AVERAGEIFS(Clean_Data!$AD$2:$AD$1001,Clean_Data!$B$2:$B$1001,$A29,Clean_Data!$V$2:$V$1001,1),"")) -> 6.9545455 | I29: =IF($A29="","",IFERROR(AVERAGEIFS(Clean_Data!$AF$2:$AF$1001,Clean_Data!$B$2:$B$1001,$A29,Clean_Data!$V$2:$V$1001,1),"")) -> 68.636364 | J29: =IF($A29="","",IF(OR(WEEKDAY(A29)=1,WEEKDAY(A29)=7),1,0)) -> 0 | K29: =IF($A29="","",A29-$C$4+1) -> 11 | L29: =IF($A29="","",IF(AND(A29=$C$5,$C$6<23),"Partial","Full")) -> Full | M29: =IF($A29="","",$C$9+$C$10*K29+$C$11*J29) -> 1321.5942 | N29: =IF($A29="","",IF(L29="Full",E29-M29,"")) -> -58.594186 | O29: =IF($A29="","",IF(N29="","",N29/$C$13)) -> -0.18087994 | P29: =IF($A29="","",IF(O29="","",IF(ABS(O29)>=Lookups!$K$12,"Anomaly","Normal"))) -> Normal | R29: Date | S29: Actual | T29: Model / forecast | U29: Lower | V29: Upper
